ID,Name,Type1,Type2,Height_metric,Weight_metric,Ability1,Ability2,AbilityH,HP,Atk,Def,SpA,SpD,Spe,BST
1,Bulbasaur,Grass,Poison,0.7,6.9,Overgrow,,Chlorophyll,45,49,49,65,65,45,318
2,Ivysaur,Grass,Poison,1,13,Overgrow,,Chlorophyll,60,62,63,80,80,60,405
3,Venusaur,Grass,Poison,2,100,Overgrow,,Chlorophyll,80,82,83,100,100,80,525
3,Venusaur-Mega,Grass,Poison,2.4,155.5,Thick Fat,,,80,100,123,122,120,80,625
4,Charmander,Fire,,0.6,8.5,Blaze,,Solar Power,39,52,43,60,50,65,309
5,Charmeleon,Fire,,1.1,19,Blaze,,Solar Power,58,64,58,80,65,80,405
6,Charizard,Fire,Flying,1.7,90.5,Blaze,,Solar Power,78,84,78,109,85,100,534
6,Charizard-Mega-X,Fire,Dragon,1.7,110.5,Tough Claws,,,78,130,111,130,85,100,634
6,Charizard-Mega-Y,Fire,Flying,1.7,100.5,Drought,,,78,104,78,159,115,100,634
7,Squirtle,Water,,0.5,9,Torrent,,Rain Dish,44,48,65,50,64,43,314
8,Wartortle,Water,,1,22.5,Torrent,,Rain Dish,59,63,80,65,80,58,405
9,Blastoise,Water,,1.6,85.5,Torrent,,Rain Dish,79,83,100,85,105,78,530
9,Blastoise-Mega,Water,,1.6,101.1,Mega Launcher,,,79,103,120,135,115,78,630
10,Caterpie,Bug,,0.3,2.9,Shield Dust,,Run Away,45,30,35,20,20,45,195
11,Metapod,Bug,,0.7,9.9,Shed Skin,,,50,20,55,25,25,30,205
12,Butterfree,Bug,Flying,1.1,32,Compound Eyes,,Tinted Lens,60,45,50,90,80,70,395
13,Weedle,Bug,Poison,0.3,3.2,Shield Dust,,Run Away,40,35,30,20,20,50,195
14,Kakuna,Bug,Poison,0.6,10,Shed Skin,,,45,25,50,25,25,35,205
15,Beedrill,Bug,Poison,1,29.5,Swarm,,Sniper,65,90,40,45,80,75,395
15,Beedrill-Mega,Bug,Poison,1.4,40.5,Adaptability,,,65,150,40,15,80,145,495
16,Pidgey,Normal,Flying,0.3,1.8,Keen Eye,Tangled Feet,Big Pecks,40,45,40,35,35,56,251
17,Pidgeotto,Normal,Flying,1.1,30,Keen Eye,Tangled Feet,Big Pecks,63,60,55,50,50,71,349
18,Pidgeot,Normal,Flying,1.5,39.5,Keen Eye,Tangled Feet,Big Pecks,83,80,75,70,70,101,479
18,Pidgeot-Mega,Normal,Flying,2.2,50.5,No Guard,,,83,80,80,135,80,121,579
19,Rattata,Normal,,0.3,3.5,Run Away,Guts,Hustle,30,56,35,25,35,72,253
19,Rattata-Alola,Dark,Normal,0.3,3.8,Gluttony,Hustle,Thick Fat,30,56,35,25,35,72,253
20,Raticate,Normal,,0.7,18.5,Run Away,Guts,Hustle,55,81,60,50,70,97,413
20,Raticate-Alola,Dark,Normal,0.7,25.5,Gluttony,Hustle,Thick Fat,75,71,70,40,80,77,413
21,Spearow,Normal,Flying,0.3,2,Keen Eye,,Sniper,40,60,30,31,31,70,262
22,Fearow,Normal,Flying,1.2,38,Keen Eye,,Sniper,65,90,65,61,61,100,442
23,Ekans,Poison,,2,6.9,Intimidate,Shed Skin,Unnerve,35,60,44,40,54,55,288
24,Arbok,Poison,,3.5,65,Intimidate,Shed Skin,Unnerve,60,95,69,65,79,80,448
25,Pikachu,Electric,,0.4,6,Static,,Lightning Rod,35,55,40,50,50,90,320
25,Pikachu-Partner,Electric,,0.4,6,,,,45,80,50,75,60,120,430
25,Pikachu-Cap,Electric,,,,Static,,,35,55,40,50,50,90,320
26,Raichu,Electric,,0.8,30,Static,,Lightning Rod,60,90,55,90,80,110,485
26,Raichu-Alola,Electric,Psychic,0.7,21,Surge Surfer,,,60,85,50,95,85,110,485
27,Sandshrew,Ground,,0.6,12,Sand Veil,,Sand Rush,50,75,85,20,30,40,300
27,Sandshrew-Alola,Ice,Steel,0.7,40,Snow Cloak,,Slush Rush,50,75,90,10,35,40,300
28,Sandslash,Ground,,1,29.5,Sand Veil,,Sand Rush,75,100,110,45,55,65,450
28,Sandslash-Alola,Ice,Steel,1.2,55,Snow Cloak,,Slush Rush,75,100,120,25,65,65,450
29,Nidoran-F,Poison,,0.4,7,Poison Point,Rivalry,Hustle,55,47,52,40,40,41,275
30,Nidorina,Poison,,0.8,20,Poison Point,Rivalry,Hustle,70,62,67,55,55,56,365
31,Nidoqueen,Poison,Ground,1.3,60,Poison Point,Rivalry,Sheer Force,90,92,87,75,85,76,505
32,Nidoran-M,Poison,,0.5,9,Poison Point,Rivalry,Hustle,46,57,40,40,40,50,273
33,Nidorino,Poison,,0.9,19.5,Poison Point,Rivalry,Hustle,61,72,57,55,55,65,365
34,Nidoking,Poison,Ground,1.4,62,Poison Point,Rivalry,Sheer Force,81,102,77,85,75,85,505
35,Clefairy,Fairy,,0.6,7.5,Cute Charm,Magic Guard,Friend Guard,70,45,48,60,65,35,323
36,Clefable,Fairy,,1.3,40,Cute Charm,Magic Guard,Unaware,95,70,73,95,90,60,483
37,Vulpix,Fire,,0.6,9.9,Flash Fire,,Drought,38,41,40,50,65,65,299
37,Vulpix-Alola,Ice,,0.6,9.9,Snow Cloak,,Snow Warning,38,41,40,50,65,65,299
38,Ninetales,Fire,,1.1,19.9,Flash Fire,,Drought,73,76,75,81,100,100,505
38,Ninetales-Alola,Ice,Fairy,1.1,19.9,Snow Cloak,,Snow Warning,73,67,75,81,100,109,505
39,Jigglypuff,Normal,Fairy,0.5,5.5,Cute Charm,Competitive,Friend Guard,115,45,20,45,25,20,270
40,Wigglytuff,Normal,Fairy,1,12,Cute Charm,Competitive,Frisk,140,70,45,85,50,45,435
41,Zubat,Poison,Flying,0.8,7.5,Inner Focus,,Infiltrator,40,45,35,30,40,55,245
42,Golbat,Poison,Flying,1.6,55,Inner Focus,,Infiltrator,75,80,70,65,75,90,455
43,Oddish,Grass,Poison,0.5,5.4,Chlorophyll,,Run Away,45,50,55,75,65,30,320
44,Gloom,Grass,Poison,0.8,8.6,Chlorophyll,,Stench,60,65,70,85,75,40,395
45,Vileplume,Grass,Poison,1.2,18.6,Chlorophyll,,Effect Spore,75,80,85,110,90,50,490
46,Paras,Bug,Grass,0.3,5.4,Effect Spore,Dry Skin,Damp,35,70,55,45,55,25,285
47,Parasect,Bug,Grass,1,29.5,Effect Spore,Dry Skin,Damp,60,95,80,60,80,30,405
48,Venonat,Bug,Poison,1,30,Compound Eyes,Tinted Lens,Run Away,60,55,50,40,55,45,305
49,Venomoth,Bug,Poison,1.5,12.5,Shield Dust,Tinted Lens,Wonder Skin,70,65,60,90,75,90,450
50,Diglett,Ground,,0.2,0.8,Sand Veil,Arena Trap,Sand Force,10,55,25,35,45,95,265
50,Diglett-Alola,Ground,Steel,0.2,1,Sand Veil,Tangling Hair,Sand Force,10,55,30,35,45,90,265
51,Dugtrio,Ground,,0.7,33.3,Sand Veil,Arena Trap,Sand Force,35,100,50,50,70,120,425
51,Dugtrio-Alola,Ground,Steel,0.7,66.6,Sand Veil,Tangling Hair,Sand Force,35,100,60,50,70,110,425
52,Meowth,Normal,,0.4,4.2,Pickup,Technician,Unnerve,40,45,35,40,40,90,290
52,Meowth-Alola,Dark,,0.4,4.2,Pickup,Technician,Rattled,40,35,35,50,40,90,290
52,Meowth-Galar,Steel,,0.4,7.5,Pickup,Tough Claws,Unnerve,50,65,55,40,40,40,290
53,Persian,Normal,,1,32,Limber,Technician,Unnerve,65,70,60,65,65,115,440
53,Persian-Alola,Dark,,1.1,33,Fur Coat,Technician,Rattled,65,60,60,75,65,115,440
54,Psyduck,Water,,0.8,19.6,Damp,Cloud Nine,Swift Swim,50,52,48,65,50,55,320
55,Golduck,Water,,1.7,76.6,Damp,Cloud Nine,Swift Swim,80,82,78,95,80,85,500
56,Mankey,Fighting,,0.5,28,Vital Spirit,Anger Point,Defiant,40,80,35,35,45,70,305
57,Primeape,Fighting,,1,32,Vital Spirit,Anger Point,Defiant,65,105,60,60,70,95,455
58,Growlithe,Fire,,0.7,19,Intimidate,Flash Fire,Justified,55,70,45,70,50,60,350
58,Growlithe-Hisui,Fire,Rock,0.8,22.7,Intimidate,Flash Fire,Justified,60,75,45,65,50,55,350
59,Arcanine,Fire,,1.9,155,Intimidate,Flash Fire,Justified,90,110,80,100,80,95,555
59,Arcanine-Hisui,Fire,Rock,2,168,Intimidate,Flash Fire,Justified,95,115,80,95,80,90,555
60,Poliwag,Water,,0.6,12.4,Water Absorb,Damp,Swift Swim,40,50,40,40,40,90,300
61,Poliwhirl,Water,,1,20,Water Absorb,Damp,Swift Swim,65,65,65,50,50,90,385
62,Poliwrath,Water,Fighting,1.3,54,Water Absorb,Damp,Swift Swim,90,95,95,70,90,70,510
63,Abra,Psychic,,0.9,19.5,Synchronize,Inner Focus,Magic Guard,25,20,15,105,55,90,310
64,Kadabra,Psychic,,1.3,56.5,Synchronize,Inner Focus,Magic Guard,40,35,30,120,70,105,400
65,Alakazam,Psychic,,1.5,48,Synchronize,Inner Focus,Magic Guard,55,50,45,135,95,120,500
65,Alakazam-Mega,Psychic,,1.2,48,Trace,,,55,50,65,175,105,150,600
66,Machop,Fighting,,0.8,19.5,Guts,No Guard,Steadfast,70,80,50,35,35,35,305
67,Machoke,Fighting,,1.5,70.5,Guts,No Guard,Steadfast,80,100,70,50,60,45,405
68,Machamp,Fighting,,1.6,130,Guts,No Guard,Steadfast,90,130,80,65,85,55,505
69,Bellsprout,Grass,Poison,0.7,4,Chlorophyll,,Gluttony,50,75,35,70,30,40,300
70,Weepinbell,Grass,Poison,1,6.4,Chlorophyll,,Gluttony,65,90,50,85,45,55,390
71,Victreebel,Grass,Poison,1.7,15.5,Chlorophyll,,Gluttony,80,105,65,100,70,70,490
72,Tentacool,Water,Poison,0.9,45.5,Clear Body,Liquid Ooze,Rain Dish,40,40,35,50,100,70,335
73,Tentacruel,Water,Poison,1.6,55,Clear Body,Liquid Ooze,Rain Dish,80,70,65,80,120,100,515
74,Geodude,Rock,Ground,0.4,20,Rock Head,Sturdy,Sand Veil,40,80,100,30,30,20,300
74,Geodude-Alola,Rock,Electric,0.4,20.3,Magnet Pull,Sturdy,Galvanize,40,80,100,30,30,20,300
75,Graveler,Rock,Ground,1,105,Rock Head,Sturdy,Sand Veil,55,95,115,45,45,35,390
75,Graveler-Alola,Rock,Electric,1,110,Magnet Pull,Sturdy,Galvanize,55,95,115,45,45,35,390
76,Golem,Rock,Ground,1.4,300,Rock Head,Sturdy,Sand Veil,80,120,130,55,65,45,495
76,Golem-Alola,Rock,Electric,1.7,316,Magnet Pull,Sturdy,Galvanize,80,120,130,55,65,45,495
77,Ponyta,Fire,,1,30,Run Away,Flash Fire,Flame Body,50,85,55,65,65,90,410
77,Ponyta-Galar,Psychic,,0.8,24,Run Away,Pastel Veil,Anticipation,50,85,55,65,65,90,410
78,Rapidash,Fire,,1.7,95,Run Away,Flash Fire,Flame Body,65,100,70,80,80,105,500
78,Rapidash-Galar,Psychic,Fairy,1.7,80,Run Away,Pastel Veil,Anticipation,65,100,70,80,80,105,500
79,Slowpoke,Water,Psychic,1.2,36,Oblivious,Own Tempo,Regenerator,90,65,65,40,40,15,315
79,Slowpoke-Galar,Psychic,,1.2,36,Gluttony,Own Tempo,Regenerator,90,65,65,40,40,15,315
80,Slowbro,Water,Psychic,1.6,78.5,Oblivious,Own Tempo,Regenerator,95,75,110,100,80,30,490
80,Slowbro-Mega,Water,Psychic,2,120,Shell Armor,,,95,75,180,130,80,30,590
80,Slowbro-Galar,Poison,Psychic,1.6,70.5,Quick Draw,Own Tempo,Regenerator,95,100,95,100,70,30,490
81,Magnemite,Electric,Steel,0.3,6,Magnet Pull,Sturdy,Analytic,25,35,70,95,55,45,325
82,Magneton,Electric,Steel,1,60,Magnet Pull,Sturdy,Analytic,50,60,95,120,70,70,465
83,Farfetch'd,Normal,Flying,0.8,15,Keen Eye,Inner Focus,Defiant,52,90,55,58,62,60,377
83,Farfetch'd-Galar,Fighting,,0.8,42,Steadfast,,Scrappy,52,95,55,58,62,55,377
84,Doduo,Normal,Flying,1.4,39.2,Run Away,Early Bird,Tangled Feet,35,85,45,35,35,75,310
85,Dodrio,Normal,Flying,1.8,85.2,Run Away,Early Bird,Tangled Feet,60,110,70,60,60,110,470
86,Seel,Water,,1.1,90,Thick Fat,Hydration,Ice Body,65,45,55,45,70,45,325
87,Dewgong,Water,Ice,1.7,120,Thick Fat,Hydration,Ice Body,90,70,80,70,95,70,475
88,Grimer,Poison,,0.9,30,Stench,Sticky Hold,Poison Touch,80,80,50,40,50,25,325
88,Grimer-Alola,Poison,Dark,0.7,42,Poison Touch,Gluttony,Power of Alchemy,80,80,50,40,50,25,325
89,Muk,Poison,,1.2,30,Stench,Sticky Hold,Poison Touch,105,105,75,65,100,50,500
89,Muk-Alola,Poison,Dark,1,52,Poison Touch,Gluttony,Power of Alchemy,105,105,75,65,100,50,500
90,Shellder,Water,,0.3,4,Shell Armor,Skill Link,Overcoat,30,65,100,45,25,40,305
91,Cloyster,Water,Ice,1.5,132.5,Shell Armor,Skill Link,Overcoat,50,95,180,85,45,70,525
92,Gastly,Ghost,Poison,1.3,0.1,Levitate,,,30,35,30,100,35,80,310
93,Haunter,Ghost,Poison,1.6,0.1,Levitate,,,45,50,45,115,55,95,405
94,Gengar,Ghost,Poison,1.5,40.5,Cursed Body,,,60,65,60,130,75,110,500
94,Gengar-Mega,Ghost,Poison,1.4,40.5,Shadow Tag,,,60,65,80,170,95,130,600
95,Onix,Rock,Ground,8.8,210,Rock Head,Sturdy,Weak Armor,35,45,160,30,45,70,385
96,Drowzee,Psychic,,1,32.4,Insomnia,Forewarn,Inner Focus,60,48,45,43,90,42,328
97,Hypno,Psychic,,1.6,75.6,Insomnia,Forewarn,Inner Focus,85,73,70,73,115,67,483
98,Krabby,Water,,0.4,6.5,Hyper Cutter,Shell Armor,Sheer Force,30,105,90,25,25,50,325
99,Kingler,Water,,1.3,60,Hyper Cutter,Shell Armor,Sheer Force,55,130,115,50,50,75,475
100,Voltorb,Electric,,0.5,10.4,Soundproof,Static,Aftermath,40,30,50,55,55,100,330
100,Voltorb-Hisui,Electric,Grass,0.5,13,Soundproof,Static,Aftermath,40,30,50,55,55,100,330
101,Electrode,Electric,,1.2,66.6,Soundproof,Static,Aftermath,60,50,70,80,80,150,490
101,Electrode-Hisui,Electric,Grass,1.2,71,Soundproof,Static,Aftermath,60,50,70,80,80,150,490
102,Exeggcute,Grass,Psychic,0.4,2.5,Chlorophyll,,Harvest,60,40,80,60,45,40,325
103,Exeggutor,Grass,Psychic,2,120,Chlorophyll,,Harvest,95,95,85,125,75,55,530
103,Exeggutor-Alola,Grass,Dragon,10.9,415.6,Frisk,,Harvest,95,105,85,125,75,45,530
104,Cubone,Ground,,0.4,6.5,Rock Head,Lightning Rod,Battle Armor,50,50,95,40,50,35,320
105,Marowak,Ground,,1,45,Rock Head,Lightning Rod,Battle Armor,60,80,110,50,80,45,425
105,Marowak-Alola,Fire,Ghost,1,34,Cursed Body,Lightning Rod,Rock Head,60,80,110,50,80,45,425
106,Hitmonlee,Fighting,,1.5,49.8,Limber,Reckless,Unburden,50,120,53,35,110,87,455
107,Hitmonchan,Fighting,,1.4,50.2,Keen Eye,Iron Fist,Inner Focus,50,105,79,35,110,76,455
108,Lickitung,Normal,,1.2,65.5,Own Tempo,Oblivious,Cloud Nine,90,55,75,60,75,30,385
109,Koffing,Poison,,0.6,1,Levitate,Neutralizing Gas,Stench,40,65,95,60,45,35,340
110,Weezing,Poison,,1.2,9.5,Levitate,Neutralizing Gas,Stench,65,90,120,85,70,60,490
110,Weezing-Galar,Poison,Fairy,3,16,Levitate,Neutralizing Gas,Misty Surge,65,90,120,85,70,60,490
111,Rhyhorn,Ground,Rock,1,115,Lightning Rod,Rock Head,Reckless,80,85,95,30,30,25,345
112,Rhydon,Ground,Rock,1.9,120,Lightning Rod,Rock Head,Reckless,105,130,120,45,45,40,485
113,Chansey,Normal,,1.1,34.6,Natural Cure,Serene Grace,Healer,250,5,5,35,105,50,450
114,Tangela,Grass,,1,35,Chlorophyll,Leaf Guard,Regenerator,65,55,115,100,40,60,435
115,Kangaskhan,Normal,,2.2,80,Early Bird,Scrappy,Inner Focus,105,95,80,40,80,90,490
115,Kangaskhan-Mega,Normal,,2.2,100,Parental Bond,,,105,125,100,60,100,100,590
116,Horsea,Water,,0.4,8,Swift Swim,Sniper,Damp,30,40,70,70,25,60,295
117,Seadra,Water,,1.2,25,Poison Point,Sniper,Damp,55,65,95,95,45,85,440
118,Goldeen,Water,,0.6,15,Swift Swim,Water Veil,Lightning Rod,45,67,60,35,50,63,320
119,Seaking,Water,,1.3,39,Swift Swim,Water Veil,Lightning Rod,80,92,65,65,80,68,450
120,Staryu,Water,,0.8,34.5,Illuminate,Natural Cure,Analytic,30,45,55,70,55,85,340
121,Starmie,Water,Psychic,1.1,80,Illuminate,Natural Cure,Analytic,60,75,85,100,85,115,520
122,Mr. Mime,Psychic,Fairy,1.3,54.5,Soundproof,Filter,Technician,40,45,65,100,120,90,460
122,Mr. Mime-Galar,Ice,Psychic,1.4,56.8,Vital Spirit,Screen Cleaner,Ice Body,50,65,65,90,90,100,460
123,Scyther,Bug,Flying,1.5,56,Swarm,Technician,Steadfast,70,110,80,55,80,105,500
124,Jynx,Ice,Psychic,1.4,40.6,Oblivious,Forewarn,Dry Skin,65,50,35,115,95,95,455
125,Electabuzz,Electric,,1.1,30,Static,,Vital Spirit,65,83,57,95,85,105,490
126,Magmar,Fire,,1.3,44.5,Flame Body,,Vital Spirit,65,95,57,100,85,93,495
127,Pinsir,Bug,,1.5,55,Hyper Cutter,Mold Breaker,Moxie,65,125,100,55,70,85,500
127,Pinsir-Mega,Bug,Flying,1.7,59,Aerilate,,,65,155,120,65,90,105,600
128,Tauros,Normal,,1.4,88.4,Intimidate,Anger Point,Sheer Force,75,100,95,40,70,110,490
129,Magikarp,Water,,0.9,10,Swift Swim,,Rattled,20,10,55,15,20,80,200
130,Gyarados,Water,Flying,6.5,235,Intimidate,,Moxie,95,125,79,60,100,81,540
130,Gyarados-Mega,Water,Dark,6.5,305,Mold Breaker,,,95,155,109,70,130,81,640
131,Lapras,Water,Ice,2.5,220,Water Absorb,Shell Armor,Hydration,130,85,80,85,95,60,535
132,Ditto,Normal,,0.3,4,Limber,,Imposter,48,48,48,48,48,48,288
133,Eevee,Normal,,0.3,6.5,Run Away,Adaptability,Anticipation,55,55,50,45,65,55,325
133,Eevee-Partner,Normal,,0.3,6.5,,,,65,75,70,65,85,75,435
134,Vaporeon,Water,,1,29,Water Absorb,,Hydration,130,65,60,110,95,65,525
135,Jolteon,Electric,,0.8,24.5,Volt Absorb,,Quick Feet,65,65,60,110,95,130,525
136,Flareon,Fire,,0.9,25,Flash Fire,,Guts,65,130,60,95,110,65,525
137,Porygon,Normal,,0.8,36.5,Trace,Download,Analytic,65,60,70,85,75,40,395
138,Omanyte,Rock,Water,0.4,7.5,Swift Swim,Shell Armor,Weak Armor,35,40,100,90,55,35,355
139,Omastar,Rock,Water,1,35,Swift Swim,Shell Armor,Weak Armor,70,60,125,115,70,55,495
140,Kabuto,Rock,Water,0.5,11.5,Swift Swim,Battle Armor,Weak Armor,30,80,90,55,45,55,355
141,Kabutops,Rock,Water,1.3,40.5,Swift Swim,Battle Armor,Weak Armor,60,115,105,65,70,80,495
142,Aerodactyl,Rock,Flying,1.8,59,Rock Head,Pressure,Unnerve,80,105,65,60,75,130,515
142,Aerodactyl-Mega,Rock,Flying,2.1,79,Tough Claws,,,80,135,85,70,95,150,615
143,Snorlax,Normal,,2.1,460,Immunity,Thick Fat,Gluttony,160,110,65,65,110,30,540
144,Articuno,Ice,Flying,1.7,55.4,Pressure,,Snow Cloak,90,85,100,95,125,85,580
144,Articuno-Galar,Psychic,Flying,1.7,50.9,Competitive,,,90,85,85,125,100,95,580
145,Zapdos,Electric,Flying,1.6,52.6,Pressure,,Static,90,90,85,125,90,100,580
145,Zapdos-Galar,Fighting,Flying,1.6,58.2,Defiant,,,90,125,90,85,90,100,580
146,Moltres,Fire,Flying,2,60,Pressure,,Flame Body,90,100,90,125,85,90,580
146,Moltres-Galar,Dark,Flying,2,66,Berserk,,,90,85,90,100,125,90,580
147,Dratini,Dragon,,1.8,3.3,Shed Skin,,Marvel Scale,41,64,45,50,50,50,300
148,Dragonair,Dragon,,4,16.5,Shed Skin,,Marvel Scale,61,84,65,70,70,70,420
149,Dragonite,Dragon,Flying,2.2,210,Inner Focus,,Multiscale,91,134,95,100,100,80,600
150,Mewtwo,Psychic,,2,122,Pressure,,Unnerve,106,110,90,154,90,130,680
150,Mewtwo-Mega-X,Psychic,Fighting,2.3,127,Steadfast,,,106,190,100,154,100,130,780
150,Mewtwo-Mega-Y,Psychic,,1.5,33,Insomnia,,,106,150,70,194,120,140,780
151,Mew,Psychic,,0.4,4,Synchronize,,,100,100,100,100,100,100,600
152,Chikorita,Grass,,0.9,6.4,Overgrow,,Leaf Guard,45,49,65,49,65,45,318
153,Bayleef,Grass,,1.2,15.8,Overgrow,,Leaf Guard,60,62,80,63,80,60,405
154,Meganium,Grass,,1.8,100.5,Overgrow,,Leaf Guard,80,82,100,83,100,80,525
155,Cyndaquil,Fire,,0.5,7.9,Blaze,,Flash Fire,39,52,43,60,50,65,309
156,Quilava,Fire,,0.9,19,Blaze,,Flash Fire,58,64,58,80,65,80,405
157,Typhlosion,Fire,,1.7,79.5,Blaze,,Flash Fire,78,84,78,109,85,100,534
157,Typhlosion-Hisui,Fire,Ghost,1.6,69.8,Blaze,,Flash Fire,73,84,78,119,85,95,534
158,Totodile,Water,,0.6,9.5,Torrent,,Sheer Force,50,65,64,44,48,43,314
159,Croconaw,Water,,1.1,25,Torrent,,Sheer Force,65,80,80,59,63,58,405
160,Feraligatr,Water,,2.3,88.8,Torrent,,Sheer Force,85,105,100,79,83,78,530
161,Sentret,Normal,,0.8,6,Run Away,Keen Eye,Frisk,35,46,34,35,45,20,215
162,Furret,Normal,,1.8,32.5,Run Away,Keen Eye,Frisk,85,76,64,45,55,90,415
163,Hoothoot,Normal,Flying,0.7,21.2,Insomnia,Keen Eye,Tinted Lens,60,30,30,36,56,50,262
164,Noctowl,Normal,Flying,1.6,40.8,Insomnia,Keen Eye,Tinted Lens,100,50,50,86,96,70,452
165,Ledyba,Bug,Flying,1,10.8,Swarm,Early Bird,Rattled,40,20,30,40,80,55,265
166,Ledian,Bug,Flying,1.4,35.6,Swarm,Early Bird,Iron Fist,55,35,50,55,110,85,390
167,Spinarak,Bug,Poison,0.5,8.5,Swarm,Insomnia,Sniper,40,60,40,40,40,30,250
168,Ariados,Bug,Poison,1.1,33.5,Swarm,Insomnia,Sniper,70,90,70,60,70,40,400
169,Crobat,Poison,Flying,1.8,75,Inner Focus,,Infiltrator,85,90,80,70,80,130,535
170,Chinchou,Water,Electric,0.5,12,Volt Absorb,Illuminate,Water Absorb,75,38,38,56,56,67,330
171,Lanturn,Water,Electric,1.2,22.5,Volt Absorb,Illuminate,Water Absorb,125,58,58,76,76,67,460
172,Pichu,Electric,,0.3,2,Static,,Lightning Rod,20,40,15,35,35,60,205
173,Cleffa,Fairy,,0.3,3,Cute Charm,Magic Guard,Friend Guard,50,25,28,45,55,15,218
174,Igglybuff,Normal,Fairy,0.3,1,Cute Charm,Competitive,Friend Guard,90,30,15,40,20,15,210
175,Togepi,Fairy,,0.3,1.5,Hustle,Serene Grace,Super Luck,35,20,65,40,65,20,245
176,Togetic,Fairy,Flying,0.6,3.2,Hustle,Serene Grace,Super Luck,55,40,85,80,105,40,405
177,Natu,Psychic,Flying,0.2,2,Synchronize,Early Bird,Magic Bounce,40,50,45,70,45,70,320
178,Xatu,Psychic,Flying,1.5,15,Synchronize,Early Bird,Magic Bounce,65,75,70,95,70,95,470
179,Mareep,Electric,,0.6,7.8,Static,,Plus,55,40,40,65,45,35,280
180,Flaaffy,Electric,,0.8,13.3,Static,,Plus,70,55,55,80,60,45,365
181,Ampharos,Electric,,1.4,61.5,Static,,Plus,90,75,85,115,90,55,510
181,Ampharos-Mega,Electric,Dragon,1.4,61.5,Mold Breaker,,,90,95,105,165,110,45,610
182,Bellossom,Grass,,0.4,5.8,Chlorophyll,,Healer,75,80,95,90,100,50,490
183,Marill,Water,Fairy,0.4,8.5,Thick Fat,Huge Power,Sap Sipper,70,20,50,20,50,40,250
184,Azumarill,Water,Fairy,0.8,28.5,Thick Fat,Huge Power,Sap Sipper,100,50,80,60,80,50,420
185,Sudowoodo,Rock,,1.2,38,Sturdy,Rock Head,Rattled,70,100,115,30,65,30,410
186,Politoed,Water,,1.1,33.9,Water Absorb,Damp,Drizzle,90,75,75,90,100,70,500
187,Hoppip,Grass,Flying,0.4,0.5,Chlorophyll,Leaf Guard,Infiltrator,35,35,40,35,55,50,250
188,Skiploom,Grass,Flying,0.6,1,Chlorophyll,Leaf Guard,Infiltrator,55,45,50,45,65,80,340
189,Jumpluff,Grass,Flying,0.8,3,Chlorophyll,Leaf Guard,Infiltrator,75,55,70,55,95,110,460
190,Aipom,Normal,,0.8,11.5,Run Away,Pickup,Skill Link,55,70,55,40,55,85,360
191,Sunkern,Grass,,0.3,1.8,Chlorophyll,Solar Power,Early Bird,30,30,30,30,30,30,180
192,Sunflora,Grass,,0.8,8.5,Chlorophyll,Solar Power,Early Bird,75,75,55,105,85,30,425
193,Yanma,Bug,Flying,1.2,38,Speed Boost,Compound Eyes,Frisk,65,65,45,75,45,95,390
194,Wooper,Water,Ground,0.4,8.5,Damp,Water Absorb,Unaware,55,45,45,25,25,15,210
195,Quagsire,Water,Ground,1.4,75,Damp,Water Absorb,Unaware,95,85,85,65,65,35,430
196,Espeon,Psychic,,0.9,26.5,Synchronize,,Magic Bounce,65,65,60,130,95,110,525
197,Umbreon,Dark,,1,27,Synchronize,,Inner Focus,95,65,110,60,130,65,525
198,Murkrow,Dark,Flying,0.5,2.1,Insomnia,Super Luck,Prankster,60,85,42,85,42,91,405
199,Slowking,Water,Psychic,2,79.5,Oblivious,Own Tempo,Regenerator,95,75,80,100,110,30,490
199,Slowking-Galar,Poison,Psychic,1.8,79.5,Curious Medicine,Own Tempo,Regenerator,95,65,80,110,110,30,490
200,Misdreavus,Ghost,,0.7,1,Levitate,,,60,60,60,85,85,85,435
201,Unown,Psychic,,0.5,5,Levitate,,,48,72,48,72,48,48,336
202,Wobbuffet,Psychic,,1.3,28.5,Shadow Tag,,Telepathy,190,33,58,33,58,33,405
203,Girafarig,Normal,Psychic,1.5,41.5,Inner Focus,Early Bird,Sap Sipper,70,80,65,90,65,85,455
204,Pineco,Bug,,0.6,7.2,Sturdy,,Overcoat,50,65,90,35,35,15,290
205,Forretress,Bug,Steel,1.2,125.8,Sturdy,,Overcoat,75,90,140,60,60,40,465
206,Dunsparce,Normal,,1.5,14,Serene Grace,Run Away,Rattled,100,70,70,65,65,45,415
207,Gligar,Ground,Flying,1.1,64.8,Hyper Cutter,Sand Veil,Immunity,65,75,105,35,65,85,430
208,Steelix,Steel,Ground,9.2,400,Rock Head,Sturdy,Sheer Force,75,85,200,55,65,30,510
208,Steelix-Mega,Steel,Ground,10.5,740,Sand Force,,,75,125,230,55,95,30,610
209,Snubbull,Fairy,,0.6,7.8,Intimidate,Run Away,Rattled,60,80,50,40,40,30,300
210,Granbull,Fairy,,1.4,48.7,Intimidate,Quick Feet,Rattled,90,120,75,60,60,45,450
211,Qwilfish,Water,Poison,0.5,3.9,Poison Point,Swift Swim,Intimidate,65,95,85,55,55,85,440
211,Qwilfish-Hisui,Dark,Poison,0.5,3.9,Poison Point,Swift Swim,Intimidate,65,95,85,55,55,85,440
212,Scizor,Bug,Steel,1.8,118,Swarm,Technician,Light Metal,70,130,100,55,80,65,500
212,Scizor-Mega,Bug,Steel,2,125,Technician,,,70,150,140,65,100,75,600
213,Shuckle,Bug,Rock,0.6,20.5,Sturdy,Gluttony,Contrary,20,10,230,10,230,5,505
214,Heracross,Bug,Fighting,1.5,54,Swarm,Guts,Moxie,80,125,75,40,95,85,500
214,Heracross-Mega,Bug,Fighting,1.7,62.5,Skill Link,,,80,185,115,40,105,75,600
215,Sneasel,Dark,Ice,0.9,28,Inner Focus,Keen Eye,Pickpocket,55,95,55,35,75,115,430
215,Sneasel-Hisui,Fighting,Poison,0.9,27,Inner Focus,Keen Eye,Poison Touch,55,95,55,35,75,115,430
216,Teddiursa,Normal,,0.6,8.8,Pickup,Quick Feet,Honey Gather,60,80,50,50,50,40,330
217,Ursaring,Normal,,1.8,125.8,Guts,Quick Feet,Unnerve,90,130,75,75,75,55,500
218,Slugma,Fire,,0.7,35,Magma Armor,Flame Body,Weak Armor,40,40,40,70,40,20,250
219,Magcargo,Fire,Rock,0.8,55,Magma Armor,Flame Body,Weak Armor,60,50,120,90,80,30,430
220,Swinub,Ice,Ground,0.4,6.5,Oblivious,Snow Cloak,Thick Fat,50,50,40,30,30,50,250
221,Piloswine,Ice,Ground,1.1,55.8,Oblivious,Snow Cloak,Thick Fat,100,100,80,60,60,50,450
222,Corsola,Water,Rock,0.6,5,Hustle,Natural Cure,Regenerator,65,55,95,65,95,35,410
222,Corsola-Galar,Ghost,,0.6,0.5,Weak Armor,,Cursed Body,60,55,100,65,100,30,410
223,Remoraid,Water,,0.6,12,Hustle,Sniper,Moody,35,65,35,65,35,65,300
224,Octillery,Water,,0.9,28.5,Suction Cups,Sniper,Moody,75,105,75,105,75,45,480
225,Delibird,Ice,Flying,0.9,16,Vital Spirit,Hustle,Insomnia,45,55,45,65,45,75,330
226,Mantine,Water,Flying,2.1,220,Swift Swim,Water Absorb,Water Veil,85,40,70,80,140,70,485
227,Skarmory,Steel,Flying,1.7,50.5,Keen Eye,Sturdy,Weak Armor,65,80,140,40,70,70,465
228,Houndour,Dark,Fire,0.6,10.8,Early Bird,Flash Fire,Unnerve,45,60,30,80,50,65,330
229,Houndoom,Dark,Fire,1.4,35,Early Bird,Flash Fire,Unnerve,75,90,50,110,80,95,500
229,Houndoom-Mega,Dark,Fire,1.9,49.5,Solar Power,,,75,90,90,140,90,115,600
230,Kingdra,Water,Dragon,1.8,152,Swift Swim,Sniper,Damp,75,95,95,95,95,85,540
231,Phanpy,Ground,,0.5,33.5,Pickup,,Sand Veil,90,60,60,40,40,40,330
232,Donphan,Ground,,1.1,120,Sturdy,,Sand Veil,90,120,120,60,60,50,500
233,Porygon2,Normal,,0.6,32.5,Trace,Download,Analytic,85,80,90,105,95,60,515
234,Stantler,Normal,,1.4,71.2,Intimidate,Frisk,Sap Sipper,73,95,62,85,65,85,465
235,Smeargle,Normal,,1.2,58,Own Tempo,Technician,Moody,55,20,35,20,45,75,250
236,Tyrogue,Fighting,,0.7,21,Guts,Steadfast,Vital Spirit,35,35,35,35,35,35,210
237,Hitmontop,Fighting,,1.4,48,Intimidate,Technician,Steadfast,50,95,95,35,110,70,455
238,Smoochum,Ice,Psychic,0.4,6,Oblivious,Forewarn,Hydration,45,30,15,85,65,65,305
239,Elekid,Electric,,0.6,23.5,Static,,Vital Spirit,45,63,37,65,55,95,360
240,Magby,Fire,,0.7,21.4,Flame Body,,Vital Spirit,45,75,37,70,55,83,365
241,Miltank,Normal,,1.2,75.5,Thick Fat,Scrappy,Sap Sipper,95,80,105,40,70,100,490
242,Blissey,Normal,,1.5,46.8,Natural Cure,Serene Grace,Healer,255,10,10,75,135,55,540
243,Raikou,Electric,,1.9,178,Pressure,,Inner Focus,90,85,75,115,100,115,580
244,Entei,Fire,,2.1,198,Pressure,,Inner Focus,115,115,85,90,75,100,580
245,Suicune,Water,,2,187,Pressure,,Inner Focus,100,75,115,90,115,85,580
246,Larvitar,Rock,Ground,0.6,72,Guts,,Sand Veil,50,64,50,45,50,41,300
247,Pupitar,Rock,Ground,1.2,152,Shed Skin,,,70,84,70,65,70,51,410
248,Tyranitar,Rock,Dark,2,202,Sand Stream,,Unnerve,100,134,110,95,100,61,600
248,Tyranitar-Mega,Rock,Dark,2.5,255,Sand Stream,,,100,164,150,95,120,71,700
249,Lugia,Psychic,Flying,5.2,216,Pressure,,Multiscale,106,90,130,90,154,110,680
250,Ho-Oh,Fire,Flying,3.8,199,Pressure,,Regenerator,106,130,90,110,154,90,680
251,Celebi,Psychic,Grass,0.6,5,Natural Cure,,,100,100,100,100,100,100,600
252,Treecko,Grass,,0.5,5,Overgrow,,Unburden,40,45,35,65,55,70,310
253,Grovyle,Grass,,0.9,21.6,Overgrow,,Unburden,50,65,45,85,65,95,405
254,Sceptile,Grass,,1.7,52.2,Overgrow,,Unburden,70,85,65,105,85,120,530
254,Sceptile-Mega,Grass,Dragon,1.9,55.2,Lightning Rod,,,70,110,75,145,85,145,630
255,Torchic,Fire,,0.4,2.5,Blaze,,Speed Boost,45,60,40,70,50,45,310
256,Combusken,Fire,Fighting,0.9,19.5,Blaze,,Speed Boost,60,85,60,85,60,55,405
257,Blaziken,Fire,Fighting,1.9,52,Blaze,,Speed Boost,80,120,70,110,70,80,530
257,Blaziken-Mega,Fire,Fighting,1.9,52,Speed Boost,,,80,160,80,130,80,100,630
258,Mudkip,Water,,0.4,7.6,Torrent,,Damp,50,70,50,50,50,40,310
259,Marshtomp,Water,Ground,0.7,28,Torrent,,Damp,70,85,70,60,70,50,405
260,Swampert,Water,Ground,1.5,81.9,Torrent,,Damp,100,110,90,85,90,60,535
260,Swampert-Mega,Water,Ground,1.9,102,Swift Swim,,,100,150,110,95,110,70,635
261,Poochyena,Dark,,0.5,13.6,Run Away,Quick Feet,Rattled,35,55,35,30,30,35,220
262,Mightyena,Dark,,1,37,Intimidate,Quick Feet,Moxie,70,90,70,60,60,70,420
263,Zigzagoon,Normal,,0.4,17.5,Pickup,Gluttony,Quick Feet,38,30,41,30,41,60,240
263,Zigzagoon-Galar,Dark,Normal,0.4,17.5,Pickup,Gluttony,Quick Feet,38,30,41,30,41,60,240
264,Linoone,Normal,,0.5,32.5,Pickup,Gluttony,Quick Feet,78,70,61,50,61,100,420
264,Linoone-Galar,Dark,Normal,0.5,32.5,Pickup,Gluttony,Quick Feet,78,70,61,50,61,100,420
265,Wurmple,Bug,,0.3,3.6,Shield Dust,,Run Away,45,45,35,20,30,20,195
266,Silcoon,Bug,,0.6,10,Shed Skin,,,50,35,55,25,25,15,205
267,Beautifly,Bug,Flying,1,28.4,Swarm,,Rivalry,60,70,50,100,50,65,395
268,Cascoon,Bug,,0.7,11.5,Shed Skin,,,50,35,55,25,25,15,205
269,Dustox,Bug,Poison,1.2,31.6,Shield Dust,,Compound Eyes,60,50,70,50,90,65,385
270,Lotad,Water,Grass,0.5,2.6,Swift Swim,Rain Dish,Own Tempo,40,30,30,40,50,30,220
271,Lombre,Water,Grass,1.2,32.5,Swift Swim,Rain Dish,Own Tempo,60,50,50,60,70,50,340
272,Ludicolo,Water,Grass,1.5,55,Swift Swim,Rain Dish,Own Tempo,80,70,70,90,100,70,480
273,Seedot,Grass,,0.5,4,Chlorophyll,Early Bird,Pickpocket,40,40,50,30,30,30,220
274,Nuzleaf,Grass,Dark,1,28,Chlorophyll,Early Bird,Pickpocket,70,70,40,60,40,60,340
275,Shiftry,Grass,Dark,1.3,59.6,Chlorophyll,Early Bird,Pickpocket,90,100,60,90,60,80,480
276,Taillow,Normal,Flying,0.3,2.3,Guts,,Scrappy,40,55,30,30,30,85,270
277,Swellow,Normal,Flying,0.7,19.8,Guts,,Scrappy,60,85,60,75,50,125,455
278,Wingull,Water,Flying,0.6,9.5,Keen Eye,Hydration,Rain Dish,40,30,30,55,30,85,270
279,Pelipper,Water,Flying,1.2,28,Keen Eye,Drizzle,Rain Dish,60,50,100,95,70,65,440
280,Ralts,Psychic,Fairy,0.4,6.6,Synchronize,Trace,Telepathy,28,25,25,45,35,40,198
281,Kirlia,Psychic,Fairy,0.8,20.2,Synchronize,Trace,Telepathy,38,35,35,65,55,50,278
282,Gardevoir,Psychic,Fairy,1.6,48.4,Synchronize,Trace,Telepathy,68,65,65,125,115,80,518
282,Gardevoir-Mega,Psychic,Fairy,1.6,48.4,Pixilate,,,68,85,65,165,135,100,618
283,Surskit,Bug,Water,0.5,1.7,Swift Swim,,Rain Dish,40,30,32,50,52,65,269
284,Masquerain,Bug,Flying,0.8,3.6,Intimidate,,Unnerve,70,60,62,100,82,80,454
285,Shroomish,Grass,,0.4,4.5,Effect Spore,Poison Heal,Quick Feet,60,40,60,40,60,35,295
286,Breloom,Grass,Fighting,1.2,39.2,Effect Spore,Poison Heal,Technician,60,130,80,60,60,70,460
287,Slakoth,Normal,,0.8,24,Truant,,,60,60,60,35,35,30,280
288,Vigoroth,Normal,,1.4,46.5,Vital Spirit,,,80,80,80,55,55,90,440
289,Slaking,Normal,,2,130.5,Truant,,,150,160,100,95,65,100,670
290,Nincada,Bug,Ground,0.5,5.5,Compound Eyes,,Run Away,31,45,90,30,30,40,266
291,Ninjask,Bug,Flying,0.8,12,Speed Boost,,Infiltrator,61,90,45,50,50,160,456
292,Shedinja,Bug,Ghost,0.8,1.2,Wonder Guard,,,1,90,45,30,30,40,236
293,Whismur,Normal,,0.6,16.3,Soundproof,,Rattled,64,51,23,51,23,28,240
294,Loudred,Normal,,1,40.5,Soundproof,,Scrappy,84,71,43,71,43,48,360
295,Exploud,Normal,,1.5,84,Soundproof,,Scrappy,104,91,63,91,73,68,490
296,Makuhita,Fighting,,1,86.4,Thick Fat,Guts,Sheer Force,72,60,30,20,30,25,237
297,Hariyama,Fighting,,2.3,253.8,Thick Fat,Guts,Sheer Force,144,120,60,40,60,50,474
298,Azurill,Normal,Fairy,0.2,2,Thick Fat,Huge Power,Sap Sipper,50,20,40,20,40,20,190
299,Nosepass,Rock,,1,97,Sturdy,Magnet Pull,Sand Force,30,45,135,45,90,30,375
300,Skitty,Normal,,0.6,11,Cute Charm,Normalize,Wonder Skin,50,45,45,35,35,50,260
301,Delcatty,Normal,,1.1,32.6,Cute Charm,Normalize,Wonder Skin,70,65,65,55,55,90,400
302,Sableye,Dark,Ghost,0.5,11,Keen Eye,Stall,Prankster,50,75,75,65,65,50,380
302,Sableye-Mega,Dark,Ghost,0.5,161,Magic Bounce,,,50,85,125,85,115,20,480
303,Mawile,Steel,Fairy,0.6,11.5,Hyper Cutter,Intimidate,Sheer Force,50,85,85,55,55,50,380
303,Mawile-Mega,Steel,Fairy,1,23.5,Huge Power,,,50,105,125,55,95,50,480
304,Aron,Steel,Rock,0.4,60,Sturdy,Rock Head,Heavy Metal,50,70,100,40,40,30,330
305,Lairon,Steel,Rock,0.9,120,Sturdy,Rock Head,Heavy Metal,60,90,140,50,50,40,430
306,Aggron,Steel,Rock,2.1,360,Sturdy,Rock Head,Heavy Metal,70,110,180,60,60,50,530
306,Aggron-Mega,Steel,,2.2,395,Filter,,,70,140,230,60,80,50,630
307,Meditite,Fighting,Psychic,0.6,11.2,Pure Power,,Telepathy,30,40,55,40,55,60,280
308,Medicham,Fighting,Psychic,1.3,31.5,Pure Power,,Telepathy,60,60,75,60,75,80,410
308,Medicham-Mega,Fighting,Psychic,1.3,31.5,Pure Power,,,60,100,85,80,85,100,510
309,Electrike,Electric,,0.6,15.2,Static,Lightning Rod,Minus,40,45,40,65,40,65,295
310,Manectric,Electric,,1.5,40.2,Static,Lightning Rod,Minus,70,75,60,105,60,105,475
310,Manectric-Mega,Electric,,1.8,44,Intimidate,,,70,75,80,135,80,135,575
311,Plusle,Electric,,0.4,4.2,Plus,,Lightning Rod,60,50,40,85,75,95,405
312,Minun,Electric,,0.4,4.2,Minus,,Volt Absorb,60,40,50,75,85,95,405
313,Volbeat,Bug,,0.7,17.7,Illuminate,Swarm,Prankster,65,73,75,47,85,85,430
314,Illumise,Bug,,0.6,17.7,Oblivious,Tinted Lens,Prankster,65,47,75,73,85,85,430
315,Roselia,Grass,Poison,0.3,2,Natural Cure,Poison Point,Leaf Guard,50,60,45,100,80,65,400
316,Gulpin,Poison,,0.4,10.3,Liquid Ooze,Sticky Hold,Gluttony,70,43,53,43,53,40,302
317,Swalot,Poison,,1.7,80,Liquid Ooze,Sticky Hold,Gluttony,100,73,83,73,83,55,467
318,Carvanha,Water,Dark,0.8,20.8,Rough Skin,,Speed Boost,45,90,20,65,20,65,305
319,Sharpedo,Water,Dark,1.8,88.8,Rough Skin,,Speed Boost,70,120,40,95,40,95,460
319,Sharpedo-Mega,Water,Dark,2.5,130.3,Strong Jaw,,,70,140,70,110,65,105,560
320,Wailmer,Water,,2,130,Water Veil,Oblivious,Pressure,130,70,35,70,35,60,400
321,Wailord,Water,,14.5,398,Water Veil,Oblivious,Pressure,170,90,45,90,45,60,500
322,Numel,Fire,Ground,0.7,24,Oblivious,Simple,Own Tempo,60,60,40,65,45,35,305
323,Camerupt,Fire,Ground,1.9,220,Magma Armor,Solid Rock,Anger Point,70,100,70,105,75,40,460
323,Camerupt-Mega,Fire,Ground,2.5,320.5,Sheer Force,,,70,120,100,145,105,20,560
324,Torkoal,Fire,,0.5,80.4,White Smoke,Drought,Shell Armor,70,85,140,85,70,20,470
325,Spoink,Psychic,,0.7,30.6,Thick Fat,Own Tempo,Gluttony,60,25,35,70,80,60,330
326,Grumpig,Psychic,,0.9,71.5,Thick Fat,Own Tempo,Gluttony,80,45,65,90,110,80,470
327,Spinda,Normal,,1.1,5,Own Tempo,Tangled Feet,Contrary,60,60,60,60,60,60,360
328,Trapinch,Ground,,0.7,15,Hyper Cutter,Arena Trap,Sheer Force,45,100,45,45,45,10,290
329,Vibrava,Ground,Dragon,1.1,15.3,Levitate,,,50,70,50,50,50,70,340
330,Flygon,Ground,Dragon,2,82,Levitate,,,80,100,80,80,80,100,520
331,Cacnea,Grass,,0.4,51.3,Sand Veil,,Water Absorb,50,85,40,85,40,35,335
332,Cacturne,Grass,Dark,1.3,77.4,Sand Veil,,Water Absorb,70,115,60,115,60,55,475
333,Swablu,Normal,Flying,0.4,1.2,Natural Cure,,Cloud Nine,45,40,60,40,75,50,310
334,Altaria,Dragon,Flying,1.1,20.6,Natural Cure,,Cloud Nine,75,70,90,70,105,80,490
334,Altaria-Mega,Dragon,Fairy,1.5,20.6,Pixilate,,,75,110,110,110,105,80,590
335,Zangoose,Normal,,1.3,40.3,Immunity,,Toxic Boost,73,115,60,60,60,90,458
336,Seviper,Poison,,2.7,52.5,Shed Skin,,Infiltrator,73,100,60,100,60,65,458
337,Lunatone,Rock,Psychic,1,168,Levitate,,,90,55,65,95,85,70,460
338,Solrock,Rock,Psychic,1.2,154,Levitate,,,90,95,85,55,65,70,460
339,Barboach,Water,Ground,0.4,1.9,Oblivious,Anticipation,Hydration,50,48,43,46,41,60,288
340,Whiscash,Water,Ground,0.9,23.6,Oblivious,Anticipation,Hydration,110,78,73,76,71,60,468
341,Corphish,Water,,0.6,11.5,Hyper Cutter,Shell Armor,Adaptability,43,80,65,50,35,35,308
342,Crawdaunt,Water,Dark,1.1,32.8,Hyper Cutter,Shell Armor,Adaptability,63,120,85,90,55,55,468
343,Baltoy,Ground,Psychic,0.5,21.5,Levitate,,,40,40,55,40,70,55,300
344,Claydol,Ground,Psychic,1.5,108,Levitate,,,60,70,105,70,120,75,500
345,Lileep,Rock,Grass,1,23.8,Suction Cups,,Storm Drain,66,41,77,61,87,23,355
346,Cradily,Rock,Grass,1.5,60.4,Suction Cups,,Storm Drain,86,81,97,81,107,43,495
347,Anorith,Rock,Bug,0.7,12.5,Battle Armor,,Swift Swim,45,95,50,40,50,75,355
348,Armaldo,Rock,Bug,1.5,68.2,Battle Armor,,Swift Swim,75,125,100,70,80,45,495
349,Feebas,Water,,0.6,7.4,Swift Swim,Oblivious,Adaptability,20,15,20,10,55,80,200
350,Milotic,Water,,6.2,162,Marvel Scale,Competitive,Cute Charm,95,60,79,100,125,81,540
351,Castform,Normal,,0.3,0.8,Forecast,,,70,70,70,70,70,70,420
351,Castform-Sunny,Fire,,0.3,0.8,Forecast,,,70,70,70,70,70,70,420
351,Castform-Rainy,Water,,0.3,0.8,Forecast,,,70,70,70,70,70,70,420
351,Castform-Snowy,Ice,,0.3,0.8,Forecast,,,70,70,70,70,70,70,420
352,Kecleon,Normal,,1,22,Color Change,,Protean,60,90,70,60,120,40,440
353,Shuppet,Ghost,,0.6,2.3,Insomnia,Frisk,Cursed Body,44,75,35,63,33,45,295
354,Banette,Ghost,,1.1,12.5,Insomnia,Frisk,Cursed Body,64,115,65,83,63,65,455
354,Banette-Mega,Ghost,,1.2,13,Prankster,,,64,165,75,93,83,75,555
355,Duskull,Ghost,,0.8,15,Levitate,,Frisk,20,40,90,30,90,25,295
356,Dusclops,Ghost,,1.6,30.6,Pressure,,Frisk,40,70,130,60,130,25,455
357,Tropius,Grass,Flying,2,100,Chlorophyll,Solar Power,Harvest,99,68,83,72,87,51,460
358,Chimecho,Psychic,,0.6,1,Levitate,,,75,50,80,95,90,65,455
359,Absol,Dark,,1.2,47,Pressure,Super Luck,Justified,65,130,60,75,60,75,465
359,Absol-Mega,Dark,,1.2,49,Magic Bounce,,,65,150,60,115,60,115,565
360,Wynaut,Psychic,,0.6,14,Shadow Tag,,Telepathy,95,23,48,23,48,23,260
361,Snorunt,Ice,,0.7,16.8,Inner Focus,Ice Body,Moody,50,50,50,50,50,50,300
362,Glalie,Ice,,1.5,256.5,Inner Focus,Ice Body,Moody,80,80,80,80,80,80,480
362,Glalie-Mega,Ice,,2.1,350.2,Refrigerate,,,80,120,80,120,80,100,580
363,Spheal,Ice,Water,0.8,39.5,Thick Fat,Ice Body,Oblivious,70,40,50,55,50,25,290
364,Sealeo,Ice,Water,1.1,87.6,Thick Fat,Ice Body,Oblivious,90,60,70,75,70,45,410
365,Walrein,Ice,Water,1.4,150.6,Thick Fat,Ice Body,Oblivious,110,80,90,95,90,65,530
366,Clamperl,Water,,0.4,52.5,Shell Armor,,Rattled,35,64,85,74,55,32,345
367,Huntail,Water,,1.7,27,Swift Swim,,Water Veil,55,104,105,94,75,52,485
368,Gorebyss,Water,,1.8,22.6,Swift Swim,,Hydration,55,84,105,114,75,52,485
369,Relicanth,Water,Rock,1,23.4,Swift Swim,Rock Head,Sturdy,100,90,130,45,65,55,485
370,Luvdisc,Water,,0.6,8.7,Swift Swim,,Hydration,43,30,55,40,65,97,330
371,Bagon,Dragon,,0.6,42.1,Rock Head,,Sheer Force,45,75,60,40,30,50,300
372,Shelgon,Dragon,,1.1,110.5,Rock Head,,Overcoat,65,95,100,60,50,50,420
373,Salamence,Dragon,Flying,1.5,102.6,Intimidate,,Moxie,95,135,80,110,80,100,600
373,Salamence-Mega,Dragon,Flying,1.8,112.6,Aerilate,,,95,145,130,120,90,120,700
374,Beldum,Steel,Psychic,0.6,95.2,Clear Body,,Light Metal,40,55,80,35,60,30,300
375,Metang,Steel,Psychic,1.2,202.5,Clear Body,,Light Metal,60,75,100,55,80,50,420
376,Metagross,Steel,Psychic,1.6,550,Clear Body,,Light Metal,80,135,130,95,90,70,600
376,Metagross-Mega,Steel,Psychic,2.5,942.9,Tough Claws,,,80,145,150,105,110,110,700
377,Regirock,Rock,,1.7,230,Clear Body,,Sturdy,80,100,200,50,100,50,580
378,Regice,Ice,,1.8,175,Clear Body,,Ice Body,80,50,100,100,200,50,580
379,Registeel,Steel,,1.9,205,Clear Body,,Light Metal,80,75,150,75,150,50,580
380,Latias,Dragon,Psychic,1.4,40,Levitate,,,80,80,90,110,130,110,600
380,Latias-Mega,Dragon,Psychic,1.8,52,Levitate,,,80,100,120,140,150,110,700
381,Latios,Dragon,Psychic,2,60,Levitate,,,80,90,80,130,110,110,600
381,Latios-Mega,Dragon,Psychic,2.3,70,Levitate,,,80,130,100,160,120,110,700
382,Kyogre,Water,,4.5,352,Drizzle,,,100,100,90,150,140,90,670
382,Kyogre-Primal,Water,,9.8,430,Primordial Sea,,,100,150,90,180,160,90,770
383,Groudon,Ground,,3.5,950,Drought,,,100,150,140,100,90,90,670
383,Groudon-Primal,Ground,Fire,5,999.7,Desolate Land,,,100,180,160,150,90,90,770
384,Rayquaza,Dragon,Flying,7,206.5,Air Lock,,,105,150,90,150,90,95,680
384,Rayquaza-Mega,Dragon,Flying,10.8,392,Delta Stream,,,105,180,100,180,100,115,780
385,Jirachi,Steel,Psychic,0.3,1.1,Serene Grace,,,100,100,100,100,100,100,600
386,Deoxys-Normal,Psychic,,1.7,60.8,Pressure,,,50,150,50,150,50,150,600
386,Deoxys-Attack,Psychic,,1.7,60.8,Pressure,,,50,180,20,180,20,150,600
386,Deoxys-Defense,Psychic,,1.7,60.8,Pressure,,,50,70,160,70,160,90,600
386,Deoxys-Speed,Psychic,,1.7,60.8,Pressure,,,50,95,90,95,90,180,600
387,Turtwig,Grass,,0.4,10.2,Overgrow,,Shell Armor,55,68,64,45,55,31,318
388,Grotle,Grass,,1.1,97,Overgrow,,Shell Armor,75,89,85,55,65,36,405
389,Torterra,Grass,Ground,2.2,310,Overgrow,,Shell Armor,95,109,105,75,85,56,525
390,Chimchar,Fire,,0.5,6.2,Blaze,,Iron Fist,44,58,44,58,44,61,309
391,Monferno,Fire,Fighting,0.9,22,Blaze,,Iron Fist,64,78,52,78,52,81,405
392,Infernape,Fire,Fighting,1.2,55,Blaze,,Iron Fist,76,104,71,104,71,108,534
393,Piplup,Water,,0.4,5.2,Torrent,,Defiant,53,51,53,61,56,40,314
394,Prinplup,Water,,0.8,23,Torrent,,Defiant,64,66,68,81,76,50,405
395,Empoleon,Water,Steel,1.7,84.5,Torrent,,Defiant,84,86,88,111,101,60,530
396,Starly,Normal,Flying,0.3,2,Keen Eye,,Reckless,40,55,30,30,30,60,245
397,Staravia,Normal,Flying,0.6,15.5,Intimidate,,Reckless,55,75,50,40,40,80,340
398,Staraptor,Normal,Flying,1.2,24.9,Intimidate,,Reckless,85,120,70,50,60,100,485
399,Bidoof,Normal,,0.5,20,Simple,Unaware,Moody,59,45,40,35,40,31,250
400,Bibarel,Normal,Water,1,31.5,Simple,Unaware,Moody,79,85,60,55,60,71,410
401,Kricketot,Bug,,0.3,2.2,Shed Skin,,Run Away,37,25,41,25,41,25,194
402,Kricketune,Bug,,1,25.5,Swarm,,Technician,77,85,51,55,51,65,384
403,Shinx,Electric,,0.5,9.5,Rivalry,Intimidate,Guts,45,65,34,40,34,45,263
404,Luxio,Electric,,0.9,30.5,Rivalry,Intimidate,Guts,60,85,49,60,49,60,363
405,Luxray,Electric,,1.4,42,Rivalry,Intimidate,Guts,80,120,79,95,79,70,523
406,Budew,Grass,Poison,0.2,1.2,Natural Cure,Poison Point,Leaf Guard,40,30,35,50,70,55,280
407,Roserade,Grass,Poison,0.9,14.5,Natural Cure,Poison Point,Technician,60,70,65,125,105,90,515
408,Cranidos,Rock,,0.9,31.5,Mold Breaker,,Sheer Force,67,125,40,30,30,58,350
409,Rampardos,Rock,,1.6,102.5,Mold Breaker,,Sheer Force,97,165,60,65,50,58,495
410,Shieldon,Rock,Steel,0.5,57,Sturdy,,Soundproof,30,42,118,42,88,30,350
411,Bastiodon,Rock,Steel,1.3,149.5,Sturdy,,Soundproof,60,52,168,47,138,30,495
412,Burmy,Bug,,0.2,3.4,Shed Skin,,Overcoat,40,29,45,29,45,36,224
413,Wormadam-Plant,Bug,Grass,0.5,6.5,Anticipation,,Overcoat,60,59,85,79,105,36,424
413,Wormadam-Sandy,Bug,Ground,0.5,6.5,Anticipation,,Overcoat,60,79,105,59,85,36,424
413,Wormadam-Trash,Bug,Steel,0.5,6.5,Anticipation,,Overcoat,60,69,95,69,95,36,424
414,Mothim,Bug,Flying,0.9,23.3,Swarm,,Tinted Lens,70,94,50,94,50,66,424
415,Combee,Bug,Flying,0.3,5.5,Honey Gather,,Hustle,30,30,42,30,42,70,244
416,Vespiquen,Bug,Flying,1.2,38.5,Pressure,,Unnerve,70,80,102,80,102,40,474
417,Pachirisu,Electric,,0.4,3.9,Run Away,Pickup,Volt Absorb,60,45,70,45,90,95,405
418,Buizel,Water,,0.7,29.5,Swift Swim,,Water Veil,55,65,35,60,30,85,330
419,Floatzel,Water,,1.1,33.5,Swift Swim,,Water Veil,85,105,55,85,50,115,495
420,Cherubi,Grass,,0.4,3.3,Chlorophyll,,,45,35,45,62,53,35,275
421,Cherrim,Grass,,0.5,9.3,Flower Gift,,,70,60,70,87,78,85,450
422,Shellos,Water,,0.3,6.3,Sticky Hold,Storm Drain,Sand Force,76,48,48,57,62,34,325
423,Gastrodon,Water,Ground,0.9,29.9,Sticky Hold,Storm Drain,Sand Force,111,83,68,92,82,39,475
424,Ambipom,Normal,,1.2,20.3,Technician,Pickup,Skill Link,75,100,66,60,66,115,482
425,Drifloon,Ghost,Flying,0.4,1.2,Aftermath,Unburden,Flare Boost,90,50,34,60,44,70,348
426,Drifblim,Ghost,Flying,1.2,15,Aftermath,Unburden,Flare Boost,150,80,44,90,54,80,498
427,Buneary,Normal,,0.4,5.5,Run Away,Klutz,Limber,55,66,44,44,56,85,350
428,Lopunny,Normal,,1.2,33.3,Cute Charm,Klutz,Limber,65,76,84,54,96,105,480
428,Lopunny-Mega,Normal,Fighting,1.3,28.3,Scrappy,,,65,136,94,54,96,135,580
429,Mismagius,Ghost,,0.9,4.4,Levitate,,,60,60,60,105,105,105,495
430,Honchkrow,Dark,Flying,0.9,27.3,Insomnia,Super Luck,Moxie,100,125,52,105,52,71,505
431,Glameow,Normal,,0.5,3.9,Limber,Own Tempo,Keen Eye,49,55,42,42,37,85,310
432,Purugly,Normal,,1,43.8,Thick Fat,Own Tempo,Defiant,71,82,64,64,59,112,452
433,Chingling,Psychic,,0.2,0.6,Levitate,,,45,30,50,65,50,45,285
434,Stunky,Poison,Dark,0.4,19.2,Stench,Aftermath,Keen Eye,63,63,47,41,41,74,329
435,Skuntank,Poison,Dark,1,38,Stench,Aftermath,Keen Eye,103,93,67,71,61,84,479
436,Bronzor,Steel,Psychic,0.5,60.5,Levitate,Heatproof,Heavy Metal,57,24,86,24,86,23,300
437,Bronzong,Steel,Psychic,1.3,187,Levitate,Heatproof,Heavy Metal,67,89,116,79,116,33,500
438,Bonsly,Rock,,0.5,15,Sturdy,Rock Head,Rattled,50,80,95,10,45,10,290
439,Mime Jr.,Psychic,Fairy,0.6,13,Soundproof,Filter,Technician,20,25,45,70,90,60,310
440,Happiny,Normal,,0.6,24.4,Natural Cure,Serene Grace,Friend Guard,100,5,5,15,65,30,220
441,Chatot,Normal,Flying,0.5,1.9,Keen Eye,Tangled Feet,Big Pecks,76,65,45,92,42,91,411
442,Spiritomb,Ghost,Dark,1,108,Pressure,,Infiltrator,50,92,108,92,108,35,485
443,Gible,Dragon,Ground,0.7,20.5,Sand Veil,,Rough Skin,58,70,45,40,45,42,300
444,Gabite,Dragon,Ground,1.4,56,Sand Veil,,Rough Skin,68,90,65,50,55,82,410
445,Garchomp,Dragon,Ground,1.9,95,Sand Veil,,Rough Skin,108,130,95,80,85,102,600
445,Garchomp-Mega,Dragon,Ground,1.9,95,Sand Force,,,108,170,115,120,95,92,700
446,Munchlax,Normal,,0.6,105,Pickup,Thick Fat,Gluttony,135,85,40,40,85,5,390
447,Riolu,Fighting,,0.7,20.2,Steadfast,Inner Focus,Prankster,40,70,40,35,40,60,285
448,Lucario,Fighting,Steel,1.2,54,Steadfast,Inner Focus,Justified,70,110,70,115,70,90,525
448,Lucario-Mega,Fighting,Steel,1.3,57.5,Adaptability,,,70,145,88,140,70,112,625
449,Hippopotas,Ground,,0.8,49.5,Sand Stream,,Sand Force,68,72,78,38,42,32,330
450,Hippowdon,Ground,,2,300,Sand Stream,,Sand Force,108,112,118,68,72,47,525
451,Skorupi,Poison,Bug,0.8,12,Battle Armor,Sniper,Keen Eye,40,50,90,30,55,65,330
452,Drapion,Poison,Dark,1.3,61.5,Battle Armor,Sniper,Keen Eye,70,90,110,60,75,95,500
453,Croagunk,Poison,Fighting,0.7,23,Anticipation,Dry Skin,Poison Touch,48,61,40,61,40,50,300
454,Toxicroak,Poison,Fighting,1.3,44.4,Anticipation,Dry Skin,Poison Touch,83,106,65,86,65,85,490
455,Carnivine,Grass,,1.4,27,Levitate,,,74,100,72,90,72,46,454
456,Finneon,Water,,0.4,7,Swift Swim,Storm Drain,Water Veil,49,49,56,49,61,66,330
457,Lumineon,Water,,1.2,24,Swift Swim,Storm Drain,Water Veil,69,69,76,69,86,91,460
458,Mantyke,Water,Flying,1,65,Swift Swim,Water Absorb,Water Veil,45,20,50,60,120,50,345
459,Snover,Grass,Ice,1,50.5,Snow Warning,,Soundproof,60,62,50,62,60,40,334
460,Abomasnow,Grass,Ice,2.2,135.5,Snow Warning,,Soundproof,90,92,75,92,85,60,494
460,Abomasnow-Mega,Grass,Ice,2.7,185,Snow Warning,,,90,132,105,132,105,30,594
461,Weavile,Dark,Ice,1.1,34,Pressure,,Pickpocket,70,120,65,45,85,125,510
462,Magnezone,Electric,Steel,1.2,180,Magnet Pull,Sturdy,Analytic,70,70,115,130,90,60,535
463,Lickilicky,Normal,,1.7,140,Own Tempo,Oblivious,Cloud Nine,110,85,95,80,95,50,515
464,Rhyperior,Ground,Rock,2.4,282.8,Lightning Rod,Solid Rock,Reckless,115,140,130,55,55,40,535
465,Tangrowth,Grass,,2,128.6,Chlorophyll,Leaf Guard,Regenerator,100,100,125,110,50,50,535
466,Electivire,Electric,,1.8,138.6,Motor Drive,,Vital Spirit,75,123,67,95,85,95,540
467,Magmortar,Fire,,1.6,68,Flame Body,,Vital Spirit,75,95,67,125,95,83,540
468,Togekiss,Fairy,Flying,1.5,38,Hustle,Serene Grace,Super Luck,85,50,95,120,115,80,545
469,Yanmega,Bug,Flying,1.9,51.5,Speed Boost,Tinted Lens,Frisk,86,76,86,116,56,95,515
470,Leafeon,Grass,,1,25.5,Leaf Guard,,Chlorophyll,65,110,130,60,65,95,525
471,Glaceon,Ice,,0.8,25.9,Snow Cloak,,Ice Body,65,60,110,130,95,65,525
472,Gliscor,Ground,Flying,2,42.5,Hyper Cutter,Sand Veil,Poison Heal,75,95,125,45,75,95,510
473,Mamoswine,Ice,Ground,2.5,291,Oblivious,Snow Cloak,Thick Fat,110,130,80,70,60,80,530
474,Porygon-Z,Normal,,0.9,34,Adaptability,Download,Analytic,85,80,70,135,75,90,535
475,Gallade,Psychic,Fighting,1.6,52,Steadfast,,Justified,68,125,65,65,115,80,518
475,Gallade-Mega,Psychic,Fighting,1.6,56.4,Inner Focus,,,68,165,95,65,115,110,618
476,Probopass,Rock,Steel,1.4,340,Sturdy,Magnet Pull,Sand Force,60,55,145,75,150,40,525
477,Dusknoir,Ghost,,2.2,106.6,Pressure,,Frisk,45,100,135,65,135,45,525
478,Froslass,Ice,Ghost,1.3,26.6,Snow Cloak,,Cursed Body,70,80,70,80,70,110,480
479,Rotom,Electric,Ghost,0.3,0.3,Levitate,,,50,50,77,95,77,91,440
479,Rotom-Heat,Electric,Fire,0.3,0.3,Levitate,,,50,65,107,105,107,86,520
479,Rotom-Wash,Electric,Water,0.3,0.3,Levitate,,,50,65,107,105,107,86,520
479,Rotom-Frost,Electric,Ice,0.3,0.3,Levitate,,,50,65,107,105,107,86,520
479,Rotom-Fan,Electric,Flying,0.3,0.3,Levitate,,,50,65,107,105,107,86,520
479,Rotom-Mow,Electric,Grass,0.3,0.3,Levitate,,,50,65,107,105,107,86,520
480,Uxie,Psychic,,0.3,0.3,Levitate,,,75,75,130,75,130,95,580
481,Mesprit,Psychic,,0.3,0.3,Levitate,,,80,105,105,105,105,80,580
482,Azelf,Psychic,,0.3,0.3,Levitate,,,75,125,70,125,70,115,580
483,Dialga,Steel,Dragon,5.4,683,Pressure,,Telepathy,100,120,120,150,100,90,680
483,Dialga-Origin,Steel,Dragon,7,850,Pressure,,Telepathy,100,100,120,150,120,90,680
484,Palkia,Water,Dragon,4.2,336,Pressure,,Telepathy,90,120,100,150,120,100,680
484,Palkia-Origin,Water,Dragon,6.3,660,Pressure,,Telepathy,90,100,100,150,120,120,680
485,Heatran,Fire,Steel,1.7,430,Flash Fire,,Flame Body,91,90,106,130,106,77,600
486,Regigigas,Normal,,3.7,420,Slow Start,,,110,160,110,80,110,100,670
487,Giratina,Ghost,Dragon,4.5,750,Pressure,,Telepathy,150,100,120,100,120,90,680
487,Giratina-Origin,Ghost,Dragon,6.9,650,Levitate,,,150,120,100,120,100,90,680
488,Cresselia,Psychic,,1.5,85.6,Levitate,,,120,70,120,75,130,85,600
489,Phione,Water,,0.4,3.1,Hydration,,,80,80,80,80,80,80,480
490,Manaphy,Water,,0.3,1.4,Hydration,,,100,100,100,100,100,100,600
491,Darkrai,Dark,,1.5,50.5,Bad Dreams,,,70,90,90,135,90,125,600
492,Shaymin,Grass,,0.2,2.1,Natural Cure,,,100,100,100,100,100,100,600
492,Shaymin-Sky,Grass,Flying,0.4,5.2,Serene Grace,,,100,103,75,120,75,127,600
493,Arceus,Normal,,3.2,320,Multitype,,,120,120,120,120,120,120,720
494,Victini,Psychic,Fire,0.4,4,Victory Star,,,100,100,100,100,100,100,600
495,Snivy,Grass,,0.6,8.1,Overgrow,,Contrary,45,45,55,45,55,63,308
496,Servine,Grass,,0.8,16,Overgrow,,Contrary,60,60,75,60,75,83,413
497,Serperior,Grass,,3.3,63,Overgrow,,Contrary,75,75,95,75,95,113,528
498,Tepig,Fire,,0.5,9.9,Blaze,,Thick Fat,65,63,45,45,45,45,308
499,Pignite,Fire,Fighting,1,55.5,Blaze,,Thick Fat,90,93,55,70,55,55,418
500,Emboar,Fire,Fighting,1.6,150,Blaze,,Reckless,110,123,65,100,65,65,528
501,Oshawott,Water,,0.5,5.9,Torrent,,Shell Armor,55,55,45,63,45,45,308
502,Dewott,Water,,0.8,24.5,Torrent,,Shell Armor,75,75,60,83,60,60,413
503,Samurott,Water,,1.5,94.6,Torrent,,Shell Armor,95,100,85,108,70,70,528
503,Samurott-Hisui,Water,Dark,1.5,58.2,Torrent,,Shell Armor,90,108,80,100,65,85,528
504,Patrat,Normal,,0.5,11.6,Run Away,Keen Eye,Analytic,45,55,39,35,39,42,255
505,Watchog,Normal,,1.1,27,Illuminate,Keen Eye,Analytic,60,85,69,60,69,77,420
506,Lillipup,Normal,,0.4,4.1,Vital Spirit,Pickup,Run Away,45,60,45,25,45,55,275
507,Herdier,Normal,,0.9,14.7,Intimidate,Sand Rush,Scrappy,65,80,65,35,65,60,370
508,Stoutland,Normal,,1.2,61,Intimidate,Sand Rush,Scrappy,85,110,90,45,90,80,500
509,Purrloin,Dark,,0.4,10.1,Limber,Unburden,Prankster,41,50,37,50,37,66,281
510,Liepard,Dark,,1.1,37.5,Limber,Unburden,Prankster,64,88,50,88,50,106,446
511,Pansage,Grass,,0.6,10.5,Gluttony,,Overgrow,50,53,48,53,48,64,316
512,Simisage,Grass,,1.1,30.5,Gluttony,,Overgrow,75,98,63,98,63,101,498
513,Pansear,Fire,,0.6,11,Gluttony,,Blaze,50,53,48,53,48,64,316
514,Simisear,Fire,,1,28,Gluttony,,Blaze,75,98,63,98,63,101,498
515,Panpour,Water,,0.6,13.5,Gluttony,,Torrent,50,53,48,53,48,64,316
516,Simipour,Water,,1,29,Gluttony,,Torrent,75,98,63,98,63,101,498
517,Munna,Psychic,,0.6,23.3,Forewarn,Synchronize,Telepathy,76,25,45,67,55,24,292
518,Musharna,Psychic,,1.1,60.5,Forewarn,Synchronize,Telepathy,116,55,85,107,95,29,487
519,Pidove,Normal,Flying,0.3,2.1,Big Pecks,Super Luck,Rivalry,50,55,50,36,30,43,264
520,Tranquill,Normal,Flying,0.6,15,Big Pecks,Super Luck,Rivalry,62,77,62,50,42,65,358
521,Unfezant,Normal,Flying,1.2,29,Big Pecks,Super Luck,Rivalry,80,115,80,65,55,93,488
522,Blitzle,Electric,,0.8,29.8,Lightning Rod,Motor Drive,Sap Sipper,45,60,32,50,32,76,295
523,Zebstrika,Electric,,1.6,79.5,Lightning Rod,Motor Drive,Sap Sipper,75,100,63,80,63,116,497
524,Roggenrola,Rock,,0.4,18,Sturdy,Weak Armor,Sand Force,55,75,85,25,25,15,280
525,Boldore,Rock,,0.9,102,Sturdy,Weak Armor,Sand Force,70,105,105,50,40,20,390
526,Gigalith,Rock,,1.7,260,Sturdy,Sand Stream,Sand Force,85,135,130,60,80,25,515
527,Woobat,Psychic,Flying,0.4,2.1,Unaware,Klutz,Simple,65,45,43,55,43,72,323
528,Swoobat,Psychic,Flying,0.9,10.5,Unaware,Klutz,Simple,67,57,55,77,55,114,425
529,Drilbur,Ground,,0.3,8.5,Sand Rush,Sand Force,Mold Breaker,60,85,40,30,45,68,328
530,Excadrill,Ground,Steel,0.7,40.4,Sand Rush,Sand Force,Mold Breaker,110,135,60,50,65,88,508
531,Audino,Normal,,1.1,31,Healer,Regenerator,Klutz,103,60,86,60,86,50,445
531,Audino-Mega,Normal,Fairy,1.5,32,Healer,,,103,60,126,80,126,50,545
532,Timburr,Fighting,,0.6,12.5,Guts,Sheer Force,Iron Fist,75,80,55,25,35,35,305
533,Gurdurr,Fighting,,1.2,40,Guts,Sheer Force,Iron Fist,85,105,85,40,50,40,405
534,Conkeldurr,Fighting,,1.4,87,Guts,Sheer Force,Iron Fist,105,140,95,55,65,45,505
535,Tympole,Water,,0.5,4.5,Swift Swim,Hydration,Water Absorb,50,50,40,50,40,64,294
536,Palpitoad,Water,Ground,0.8,17,Swift Swim,Hydration,Water Absorb,75,65,55,65,55,69,384
537,Seismitoad,Water,Ground,1.5,62,Swift Swim,Poison Touch,Water Absorb,105,95,75,85,75,74,509
538,Throh,Fighting,,1.3,55.5,Guts,Inner Focus,Mold Breaker,120,100,85,30,85,45,465
539,Sawk,Fighting,,1.4,51,Sturdy,Inner Focus,Mold Breaker,75,125,75,30,75,85,465
540,Sewaddle,Bug,Grass,0.3,2.5,Swarm,Chlorophyll,Overcoat,45,53,70,40,60,42,310
541,Swadloon,Bug,Grass,0.5,7.3,Leaf Guard,Chlorophyll,Overcoat,55,63,90,50,80,42,380
542,Leavanny,Bug,Grass,1.2,20.5,Swarm,Chlorophyll,Overcoat,75,103,80,70,80,92,500
543,Venipede,Bug,Poison,0.4,5.3,Poison Point,Swarm,Speed Boost,30,45,59,30,39,57,260
544,Whirlipede,Bug,Poison,1.2,58.5,Poison Point,Swarm,Speed Boost,40,55,99,40,79,47,360
545,Scolipede,Bug,Poison,2.5,200.5,Poison Point,Swarm,Speed Boost,60,100,89,55,69,112,485
546,Cottonee,Grass,Fairy,0.3,0.6,Prankster,Infiltrator,Chlorophyll,40,27,60,37,50,66,280
547,Whimsicott,Grass,Fairy,0.7,6.6,Prankster,Infiltrator,Chlorophyll,60,67,85,77,75,116,480
548,Petilil,Grass,,0.5,6.6,Chlorophyll,Own Tempo,Leaf Guard,45,35,50,70,50,30,280
549,Lilligant,Grass,,1.1,16.3,Chlorophyll,Own Tempo,Leaf Guard,70,60,75,110,75,90,480
549,Lilligant-Hisui,Grass,Fighting,1.2,19.2,Chlorophyll,Hustle,Leaf Guard,70,105,75,50,75,105,480
550,Basculin-Red,Water,,1,18,Reckless,Adaptability,Mold Breaker,70,92,65,80,55,98,460
550,Basculin-Blue,Water,,1,18,Rock Head,Adaptability,Mold Breaker,70,92,65,80,55,98,460
550,Basculin-White,Water,,1,18,Rattled,Adaptability,Mold Breaker,70,92,65,80,55,98,460
551,Sandile,Ground,Dark,0.7,15.2,Intimidate,Moxie,Anger Point,50,72,35,35,35,65,292
552,Krokorok,Ground,Dark,1,33.4,Intimidate,Moxie,Anger Point,60,82,45,45,45,74,351
553,Krookodile,Ground,Dark,1.5,96.3,Intimidate,Moxie,Anger Point,95,117,80,65,70,92,519
554,Darumaka,Fire,,0.6,37.5,Hustle,,Inner Focus,70,90,45,15,45,50,315
554,Darumaka-Galar,Ice,,0.7,40,Hustle,,Inner Focus,70,90,45,15,45,50,315
555,Darmanitan,Fire,,1.3,92.9,Sheer Force,,Zen Mode,105,140,55,30,55,95,480
555,Darmanitan-Zen,Fire,Psychic,1.3,92.9,Zen Mode,,,105,30,105,140,105,55,540
555,Darmanitan-Galar,Ice,,1.7,120,Gorilla Tactics,,Zen Mode,105,140,55,30,55,95,480
555,Darmanitan-Galar-Zen,Ice,Fire,1.7,120,Zen Mode,,,105,160,55,30,55,135,540
556,Maractus,Grass,,1,28,Water Absorb,Chlorophyll,Storm Drain,75,86,67,106,67,60,461
557,Dwebble,Bug,Rock,0.3,14.5,Sturdy,Shell Armor,Weak Armor,50,65,85,35,35,55,325
558,Crustle,Bug,Rock,1.4,200,Sturdy,Shell Armor,Weak Armor,70,105,125,65,75,45,485
559,Scraggy,Dark,Fighting,0.6,11.8,Shed Skin,Moxie,Intimidate,50,75,70,35,70,48,348
560,Scrafty,Dark,Fighting,1.1,30,Shed Skin,Moxie,Intimidate,65,90,115,45,115,58,488
561,Sigilyph,Psychic,Flying,1.4,14,Wonder Skin,Magic Guard,Tinted Lens,72,58,80,103,80,97,490
562,Yamask,Ghost,,0.5,1.5,Mummy,,,38,30,85,55,65,30,303
562,Yamask-Galar,Ground,Ghost,0.5,1.5,Wandering Spirit,,,38,55,85,30,65,30,303
563,Cofagrigus,Ghost,,1.7,76.5,Mummy,,,58,50,145,95,105,30,483
564,Tirtouga,Water,Rock,0.7,16.5,Solid Rock,Sturdy,Swift Swim,54,78,103,53,45,22,355
565,Carracosta,Water,Rock,1.2,81,Solid Rock,Sturdy,Swift Swim,74,108,133,83,65,32,495
566,Archen,Rock,Flying,0.5,9.5,Defeatist,,,55,112,45,74,45,70,401
567,Archeops,Rock,Flying,1.4,32,Defeatist,,,75,140,65,112,65,110,567
568,Trubbish,Poison,,0.6,31,Stench,Sticky Hold,Aftermath,50,50,62,40,62,65,329
569,Garbodor,Poison,,1.9,107.3,Stench,Weak Armor,Aftermath,80,95,82,60,82,75,474
570,Zorua,Dark,,0.7,12.5,Illusion,,,40,65,40,80,40,65,330
570,Zorua-Hisui,Normal,Ghost,0.7,12.5,Illusion,,,35,60,40,85,40,70,330
571,Zoroark,Dark,,1.6,81.1,Illusion,,,60,105,60,120,60,105,510
571,Zoroark-Hisui,Normal,Ghost,1.6,73,Illusion,,,55,100,60,125,60,110,510
572,Minccino,Normal,,0.4,5.8,Cute Charm,Technician,Skill Link,55,50,40,40,40,75,300
573,Cinccino,Normal,,0.5,7.5,Cute Charm,Technician,Skill Link,75,95,60,65,60,115,470
574,Gothita,Psychic,,0.4,5.8,Frisk,Competitive,Shadow Tag,45,30,50,55,65,45,290
575,Gothorita,Psychic,,0.7,18,Frisk,Competitive,Shadow Tag,60,45,70,75,85,55,390
576,Gothitelle,Psychic,,1.5,44,Frisk,Competitive,Shadow Tag,70,55,95,95,110,65,490
577,Solosis,Psychic,,0.3,1,Overcoat,Magic Guard,Regenerator,45,30,40,105,50,20,290
578,Duosion,Psychic,,0.6,8,Overcoat,Magic Guard,Regenerator,65,40,50,125,60,30,370
579,Reuniclus,Psychic,,1,20.1,Overcoat,Magic Guard,Regenerator,110,65,75,125,85,30,490
580,Ducklett,Water,Flying,0.5,5.5,Keen Eye,Big Pecks,Hydration,62,44,50,44,50,55,305
581,Swanna,Water,Flying,1.3,24.2,Keen Eye,Big Pecks,Hydration,75,87,63,87,63,98,473
582,Vanillite,Ice,,0.4,5.7,Ice Body,Snow Cloak,Weak Armor,36,50,50,65,60,44,305
583,Vanillish,Ice,,1.1,41,Ice Body,Snow Cloak,Weak Armor,51,65,65,80,75,59,395
584,Vanilluxe,Ice,,1.3,57.5,Ice Body,Snow Warning,Weak Armor,71,95,85,110,95,79,535
585,Deerling,Normal,Grass,0.6,19.5,Chlorophyll,Sap Sipper,Serene Grace,60,60,50,40,50,75,335
586,Sawsbuck,Normal,Grass,1.9,92.5,Chlorophyll,Sap Sipper,Serene Grace,80,100,70,60,70,95,475
587,Emolga,Electric,Flying,0.4,5,Static,,Motor Drive,55,75,60,75,60,103,428
588,Karrablast,Bug,,0.5,5.9,Swarm,Shed Skin,No Guard,50,75,45,40,45,60,315
589,Escavalier,Bug,Steel,1,33,Swarm,Shell Armor,Overcoat,70,135,105,60,105,20,495
590,Foongus,Grass,Poison,0.2,1,Effect Spore,,Regenerator,69,55,45,55,55,15,294
591,Amoonguss,Grass,Poison,0.6,10.5,Effect Spore,,Regenerator,114,85,70,85,80,30,464
592,Frillish,Water,Ghost,1.2,33,Water Absorb,Cursed Body,Damp,55,40,50,65,85,40,335
593,Jellicent,Water,Ghost,2.2,135,Water Absorb,Cursed Body,Damp,100,60,70,85,105,60,480
594,Alomomola,Water,,1.2,31.6,Healer,Hydration,Regenerator,165,75,80,40,45,65,470
595,Joltik,Bug,Electric,0.1,0.6,Compound Eyes,Unnerve,Swarm,50,47,50,57,50,65,319
596,Galvantula,Bug,Electric,0.8,14.3,Compound Eyes,Unnerve,Swarm,70,77,60,97,60,108,472
597,Ferroseed,Grass,Steel,0.6,18.8,Iron Barbs,,,44,50,91,24,86,10,305
598,Ferrothorn,Grass,Steel,1,110,Iron Barbs,,Anticipation,74,94,131,54,116,20,489
599,Klink,Steel,,0.3,21,Plus,Minus,Clear Body,40,55,70,45,60,30,300
600,Klang,Steel,,0.6,51,Plus,Minus,Clear Body,60,80,95,70,85,50,440
601,Klinklang,Steel,,0.6,81,Plus,Minus,Clear Body,60,100,115,70,85,90,520
602,Tynamo,Electric,,0.2,0.3,Levitate,,,35,55,40,45,40,60,275
603,Eelektrik,Electric,,1.2,22,Levitate,,,65,85,70,75,70,40,405
604,Eelektross,Electric,,2.1,80.5,Levitate,,,85,115,80,105,80,50,515
605,Elgyem,Psychic,,0.5,9,Telepathy,Synchronize,Analytic,55,55,55,85,55,30,335
606,Beheeyem,Psychic,,1,34.5,Telepathy,Synchronize,Analytic,75,75,75,125,95,40,485
607,Litwick,Ghost,Fire,0.3,3.1,Flash Fire,Flame Body,Infiltrator,50,30,55,65,55,20,275
608,Lampent,Ghost,Fire,0.6,13,Flash Fire,Flame Body,Infiltrator,60,40,60,95,60,55,370
609,Chandelure,Ghost,Fire,1,34.3,Flash Fire,Flame Body,Infiltrator,60,55,90,145,90,80,520
610,Axew,Dragon,,0.6,18,Rivalry,Mold Breaker,Unnerve,46,87,60,30,40,57,320
611,Fraxure,Dragon,,1,36,Rivalry,Mold Breaker,Unnerve,66,117,70,40,50,67,410
612,Haxorus,Dragon,,1.8,105.5,Rivalry,Mold Breaker,Unnerve,76,147,90,60,70,97,540
613,Cubchoo,Ice,,0.5,8.5,Snow Cloak,Slush Rush,Rattled,55,70,40,60,40,40,305
614,Beartic,Ice,,2.6,260,Snow Cloak,Slush Rush,Swift Swim,95,130,80,70,80,50,505
615,Cryogonal,Ice,,1.1,148,Levitate,,,80,50,50,95,135,105,515
616,Shelmet,Bug,,0.4,7.7,Hydration,Shell Armor,Overcoat,50,40,85,40,65,25,305
617,Accelgor,Bug,,0.8,25.3,Hydration,Sticky Hold,Unburden,80,70,40,100,60,145,495
618,Stunfisk,Ground,Electric,0.7,11,Static,Limber,Sand Veil,109,66,84,81,99,32,471
618,Stunfisk-Galar,Ground,Steel,0.7,20.5,Mimicry,,,109,81,99,66,84,32,471
619,Mienfoo,Fighting,,0.9,20,Inner Focus,Regenerator,Reckless,45,85,50,55,50,65,350
620,Mienshao,Fighting,,1.4,35.5,Inner Focus,Regenerator,Reckless,65,125,60,95,60,105,510
621,Druddigon,Dragon,,1.6,139,Rough Skin,Sheer Force,Mold Breaker,77,120,90,60,90,48,485
622,Golett,Ground,Ghost,1,92,Iron Fist,Klutz,No Guard,59,74,50,35,50,35,303
623,Golurk,Ground,Ghost,2.8,330,Iron Fist,Klutz,No Guard,89,124,80,55,80,55,483
624,Pawniard,Dark,Steel,0.5,10.2,Defiant,Inner Focus,Pressure,45,85,70,40,40,60,340
625,Bisharp,Dark,Steel,1.6,70,Defiant,Inner Focus,Pressure,65,125,100,60,70,70,490
626,Bouffalant,Normal,,1.6,94.6,Reckless,Sap Sipper,Soundproof,95,110,95,40,95,55,490
627,Rufflet,Normal,Flying,0.5,10.5,Keen Eye,Sheer Force,Hustle,70,83,50,37,50,60,350
628,Braviary,Normal,Flying,1.5,41,Keen Eye,Sheer Force,Defiant,100,123,75,57,75,80,510
628,Braviary-Hisui,Psychic,Flying,1.7,43.4,Keen Eye,Sheer Force,Defiant,110,83,70,112,70,65,510
629,Vullaby,Dark,Flying,0.5,9,Big Pecks,Overcoat,Weak Armor,70,55,75,45,65,60,370
630,Mandibuzz,Dark,Flying,1.2,39.5,Big Pecks,Overcoat,Weak Armor,110,65,105,55,95,80,510
631,Heatmor,Fire,,1.4,58,Gluttony,Flash Fire,White Smoke,85,97,66,105,66,65,484
632,Durant,Bug,Steel,0.3,33,Swarm,Hustle,Truant,58,109,112,48,48,109,484
633,Deino,Dark,Dragon,0.8,17.3,Hustle,,,52,65,50,45,50,38,300
634,Zweilous,Dark,Dragon,1.4,50,Hustle,,,72,85,70,65,70,58,420
635,Hydreigon,Dark,Dragon,1.8,160,Levitate,,,92,105,90,125,90,98,600
636,Larvesta,Bug,Fire,1.1,28.8,Flame Body,,Swarm,55,85,55,50,55,60,360
637,Volcarona,Bug,Fire,1.6,46,Flame Body,,Swarm,85,60,65,135,105,100,550
638,Cobalion,Steel,Fighting,2.1,250,Justified,,,91,90,129,90,72,108,580
639,Terrakion,Rock,Fighting,1.9,260,Justified,,,91,129,90,72,90,108,580
640,Virizion,Grass,Fighting,2,200,Justified,,,91,90,72,90,129,108,580
641,Tornadus,Flying,,1.5,63,Prankster,,Defiant,79,115,70,125,80,111,580
641,Tornadus-Therian,Flying,,1.4,63,Regenerator,,,79,100,80,110,90,121,580
642,Thundurus,Electric,Flying,1.5,61,Prankster,,Defiant,79,115,70,125,80,111,580
642,Thundurus-Therian,Electric,Flying,3,61,Volt Absorb,,,79,105,70,145,80,101,580
643,Reshiram,Dragon,Fire,3.2,330,Turboblaze,,,100,120,100,150,120,90,680
644,Zekrom,Dragon,Electric,2.9,345,Teravolt,,,100,150,120,120,100,90,680
645,Landorus,Ground,Flying,1.5,68,Sand Force,,Sheer Force,89,125,90,115,80,101,600
645,Landorus-Therian,Ground,Flying,1.3,68,Intimidate,,,89,145,90,105,80,91,600
646,Kyurem,Dragon,Ice,3,325,Pressure,,,125,130,90,130,90,95,660
646,Kyurem-White,Dragon,Ice,3.3,325,Turboblaze,,,125,170,100,120,90,95,700
646,Kyurem-Black,Dragon,Ice,3.6,325,Teravolt,,,125,120,90,170,100,95,700
647,Keldeo,Water,Fighting,1.4,48.5,Justified,,,91,72,90,129,90,108,580
647,Keldeo-Resolute,Water,Fighting,1.4,48.5,Justified,,,91,72,90,129,90,108,580
648,Meloetta,Normal,Psychic,0.6,6.5,Serene Grace,,,100,77,77,128,128,90,600
648,Meloetta-Pirouette,Normal,Fighting,0.6,6.5,Serene Grace,,,100,128,90,77,77,128,600
649,Genesect,Bug,Steel,1.5,82.5,Download,,,71,120,95,120,95,99,600
650,Chespin,Grass,,0.4,9,Overgrow,,Bulletproof,56,61,65,48,45,38,313
651,Quilladin,Grass,,0.7,29,Overgrow,,Bulletproof,61,78,95,56,58,57,405
652,Chesnaught,Grass,Fighting,1.6,90,Overgrow,,Bulletproof,88,107,122,74,75,64,530
653,Fennekin,Fire,,0.4,9.4,Blaze,,Magician,40,45,40,62,60,60,307
654,Braixen,Fire,,1,14.5,Blaze,,Magician,59,59,58,90,70,73,409
655,Delphox,Fire,Psychic,1.5,39,Blaze,,Magician,75,69,72,114,100,104,534
656,Froakie,Water,,0.3,7,Torrent,,Protean,41,56,40,62,44,71,314
657,Frogadier,Water,,0.6,10.9,Torrent,,Protean,54,63,52,83,56,97,405
658,Greninja,Water,Dark,1.5,40,Torrent,,Protean,72,95,67,103,71,122,530
658,Greninja-Ash,Water,Dark,1.5,40,Battle Bond,,,72,145,67,153,71,132,640
659,Bunnelby,Normal,,0.4,5,Pickup,Cheek Pouch,Huge Power,38,36,38,32,36,57,237
660,Diggersby,Normal,Ground,1,42.4,Pickup,Cheek Pouch,Huge Power,85,56,77,50,77,78,423
661,Fletchling,Normal,Flying,0.3,1.7,Big Pecks,,Gale Wings,45,50,43,40,38,62,278
662,Fletchinder,Fire,Flying,0.7,16,Flame Body,,Gale Wings,62,73,55,56,52,84,382
663,Talonflame,Fire,Flying,1.2,24.5,Flame Body,,Gale Wings,78,81,71,74,69,126,499
664,Scatterbug,Bug,,0.3,2.5,Shield Dust,Compound Eyes,Friend Guard,38,35,40,27,25,35,200
665,Spewpa,Bug,,0.3,8.4,Shed Skin,,Friend Guard,45,22,60,27,30,29,213
666,Vivillon,Bug,Flying,1.2,17,Shield Dust,Compound Eyes,Friend Guard,80,52,50,90,50,89,411
667,Litleo,Fire,Normal,0.6,13.5,Rivalry,Unnerve,Moxie,62,50,58,73,54,72,369
668,Pyroar,Fire,Normal,1.5,81.5,Rivalry,Unnerve,Moxie,86,68,72,109,66,106,507
669,Flabb,Fairy,,0.1,0.1,Flower Veil,,Symbiosis,44,38,39,61,79,42,303
670,Floette,Fairy,,0.2,0.9,Flower Veil,,Symbiosis,54,45,47,75,98,52,371
670,Floette-Eternal,Fairy,,0.2,0.9,Flower Veil,,,74,65,67,125,128,92,551
671,Florges,Fairy,,1.1,10,Flower Veil,,Symbiosis,78,65,68,112,154,75,552
672,Skiddo,Grass,,0.9,31,Sap Sipper,,Grass Pelt,66,65,48,62,57,52,350
673,Gogoat,Grass,,1.7,91,Sap Sipper,,Grass Pelt,123,100,62,97,81,68,531
674,Pancham,Fighting,,0.6,8,Iron Fist,Mold Breaker,Scrappy,67,82,62,46,48,43,348
675,Pangoro,Fighting,Dark,2.1,136,Iron Fist,Mold Breaker,Scrappy,95,124,78,69,71,58,495
676,Furfrou,Normal,,1.2,28,Fur Coat,,,75,80,60,65,90,102,472
677,Espurr,Psychic,,0.3,3.5,Keen Eye,Infiltrator,Own Tempo,62,48,54,63,60,68,355
678,Meowstic-M,Psychic,,0.6,8.5,Keen Eye,Infiltrator,Prankster,74,48,76,83,81,104,466
678,Meowstic-F,Psychic,,0.6,8.5,Keen Eye,Infiltrator,Competitive,74,48,76,83,81,104,466
679,Honedge,Steel,Ghost,0.8,2,No Guard,,,45,80,100,35,37,28,325
680,Doublade,Steel,Ghost,0.8,4.5,No Guard,,,59,110,150,45,49,35,448
681,Aegislash,Steel,Ghost,1.7,53,Stance Change,,,60,50,140,50,140,60,500
681,Aegislash-Blade,Steel,Ghost,1.7,53,Stance Change,,,60,140,50,140,50,60,500
682,Spritzee,Fairy,,0.2,0.5,Healer,,Aroma Veil,78,52,60,63,65,23,341
683,Aromatisse,Fairy,,0.8,15.5,Healer,,Aroma Veil,101,72,72,99,89,29,462
684,Swirlix,Fairy,,0.4,3.5,Sweet Veil,,Unburden,62,48,66,59,57,49,341
685,Slurpuff,Fairy,,0.8,5,Sweet Veil,,Unburden,82,80,86,85,75,72,480
686,Inkay,Dark,Psychic,0.4,3.5,Contrary,Suction Cups,Infiltrator,53,54,53,37,46,45,288
687,Malamar,Dark,Psychic,1.5,47,Contrary,Suction Cups,Infiltrator,86,92,88,68,75,73,482
688,Binacle,Rock,Water,0.5,31,Tough Claws,Sniper,Pickpocket,42,52,67,39,56,50,306
689,Barbaracle,Rock,Water,1.3,96,Tough Claws,Sniper,Pickpocket,72,105,115,54,86,68,500
690,Skrelp,Poison,Water,0.5,7.3,Poison Point,Poison Touch,Adaptability,50,60,60,60,60,30,320
691,Dragalge,Poison,Dragon,1.8,81.5,Poison Point,Poison Touch,Adaptability,65,75,90,97,123,44,494
692,Clauncher,Water,,0.5,8.3,Mega Launcher,,,50,53,62,58,63,44,330
693,Clawitzer,Water,,1.3,35.3,Mega Launcher,,,71,73,88,120,89,59,500
694,Helioptile,Electric,Normal,0.5,6,Dry Skin,Sand Veil,Solar Power,44,38,33,61,43,70,289
695,Heliolisk,Electric,Normal,1,21,Dry Skin,Sand Veil,Solar Power,62,55,52,109,94,109,481
696,Tyrunt,Rock,Dragon,0.8,26,Strong Jaw,,Sturdy,58,89,77,45,45,48,362
697,Tyrantrum,Rock,Dragon,2.5,270,Strong Jaw,,Rock Head,82,121,119,69,59,71,521
698,Amaura,Rock,Ice,1.3,25.2,Refrigerate,,Snow Warning,77,59,50,67,63,46,362
699,Aurorus,Rock,Ice,2.7,225,Refrigerate,,Snow Warning,123,77,72,99,92,58,521
700,Sylveon,Fairy,,1,23.5,Cute Charm,,Pixilate,95,65,65,110,130,60,525
701,Hawlucha,Fighting,Flying,0.8,21.5,Limber,Unburden,Mold Breaker,78,92,75,74,63,118,500
702,Dedenne,Electric,Fairy,0.2,2.2,Cheek Pouch,Pickup,Plus,67,58,57,81,67,101,431
703,Carbink,Rock,Fairy,0.3,5.7,Clear Body,,Sturdy,50,50,150,50,150,50,500
704,Goomy,Dragon,,0.3,2.8,Sap Sipper,Hydration,Gooey,45,50,35,55,75,40,300
705,Sliggoo,Dragon,,0.8,17.5,Sap Sipper,Hydration,Gooey,68,75,53,83,113,60,452
705,Sliggoo-Hisui,Steel,Dragon,0.7,68.5,Sap Sipper,Overcoat,Gooey,58,75,83,83,113,40,452
706,Goodra,Dragon,,2,150.5,Sap Sipper,Hydration,Gooey,90,100,70,110,150,80,600
706,Goodra-Hisui,Steel,Dragon,1.7,334.1,Sap Sipper,Overcoat,Gooey,80,100,100,110,150,60,600
707,Klefki,Steel,Fairy,0.2,3,Prankster,,Magician,57,80,91,80,87,75,470
708,Phantump,Ghost,Grass,0.4,7,Natural Cure,Frisk,Harvest,43,70,48,50,60,38,309
709,Trevenant,Ghost,Grass,1.5,71,Natural Cure,Frisk,Harvest,85,110,76,65,82,56,474
710,Pumpkaboo,Ghost,Grass,0.4,5,Pickup,Frisk,Insomnia,49,66,70,44,55,51,335
710,Pumpkaboo-Small,Ghost,Grass,0.3,3.5,Pickup,Frisk,Insomnia,44,66,70,44,55,56,335
710,Pumpkaboo-Large,Ghost,Grass,0.5,7.5,Pickup,Frisk,Insomnia,54,66,70,44,55,46,335
710,Pumpkaboo-Super,Ghost,Grass,0.8,15,Pickup,Frisk,Insomnia,59,66,70,44,55,41,335
711,Gourgeist,Ghost,Grass,0.9,12.5,Pickup,Frisk,Insomnia,65,90,122,58,75,84,494
711,Gourgeist-Small,Ghost,Grass,0.7,9.5,Pickup,Frisk,Insomnia,55,85,122,58,75,99,494
711,Gourgeist-Large,Ghost,Grass,1.1,14,Pickup,Frisk,Insomnia,75,95,122,58,75,69,494
711,Gourgeist-Super,Ghost,Grass,1.7,39,Pickup,Frisk,Insomnia,85,100,122,58,75,54,494
712,Bergmite,Ice,,1,99.5,Own Tempo,Ice Body,Sturdy,55,69,85,32,35,28,304
713,Avalugg,Ice,,2,505,Own Tempo,Ice Body,Sturdy,95,117,184,44,46,28,514
713,Avalugg-Hisui,Ice,Rock,1.4,262.4,Strong Jaw,Ice Body,Sturdy,95,127,184,34,36,38,514
714,Noibat,Flying,Dragon,0.5,8,Frisk,Infiltrator,Telepathy,40,30,35,45,40,55,245
715,Noivern,Flying,Dragon,1.5,85,Frisk,Infiltrator,Telepathy,85,70,80,97,80,123,535
716,Xerneas,Fairy,,3,215,Fairy Aura,,,126,131,95,131,98,99,680
717,Yveltal,Dark,Flying,5.8,203,Dark Aura,,,126,131,95,131,98,99,680
718,Zygarde-50%,Dragon,Ground,5,305,Aura Break,Power Construct,,108,100,121,81,95,95,600
718,Zygarde-10%,Dragon,Ground,1.2,33.5,Aura Break,Power Construct,,54,100,71,61,85,115,486
718,Zygarde-Complete,Dragon,Ground,4.5,610,Power Construct,,,216,100,121,91,95,85,708
719,Diancie,Rock,Fairy,0.7,8.8,Clear Body,,,50,100,150,100,150,50,600
719,Diancie-Mega,Rock,Fairy,1.1,27.8,Magic Bounce,,,50,160,110,160,110,110,700
720,Hoopa,Psychic,Ghost,0.5,9,Magician,,,80,110,60,150,130,70,600
720,Hoopa-Unbound,Psychic,Dark,6.5,490,Magician,,,80,160,60,170,130,80,680
721,Volcanion,Fire,Water,1.7,195,Water Absorb,,,80,110,120,130,90,70,600
722,Rowlet,Grass,Flying,0.3,1.5,Overgrow,,Long Reach,68,55,55,50,50,42,320
723,Dartrix,Grass,Flying,0.7,16,Overgrow,,Long Reach,78,75,75,70,70,52,420
724,Decidueye,Grass,Ghost,1.6,36.6,Overgrow,,Long Reach,78,107,75,100,100,70,530
724,Decidueye-Hisui,Grass,Fighting,1.6,37,Overgrow,,Long Reach,88,112,80,95,95,60,530
725,Litten,Fire,,0.4,4.3,Blaze,,Intimidate,45,65,40,60,40,70,320
726,Torracat,Fire,,0.7,25,Blaze,,Intimidate,65,85,50,80,50,90,420
727,Incineroar,Fire,Dark,1.8,83,Blaze,,Intimidate,95,115,90,80,90,60,530
728,Popplio,Water,,0.4,7.5,Torrent,,Liquid Voice,50,54,54,66,56,40,320
729,Brionne,Water,,0.6,17.5,Torrent,,Liquid Voice,60,69,69,91,81,50,420
730,Primarina,Water,Fairy,1.8,44,Torrent,,Liquid Voice,80,74,74,126,116,60,530
731,Pikipek,Normal,Flying,0.3,1.2,Keen Eye,Skill Link,Pickup,35,75,30,30,30,65,265
732,Trumbeak,Normal,Flying,0.6,14.8,Keen Eye,Skill Link,Pickup,55,85,50,40,50,75,355
733,Toucannon,Normal,Flying,1.1,26,Keen Eye,Skill Link,Sheer Force,80,120,75,75,75,60,485
734,Yungoos,Normal,,0.4,6,Stakeout,Strong Jaw,Adaptability,48,70,30,30,30,45,253
735,Gumshoos,Normal,,0.7,14.2,Stakeout,Strong Jaw,Adaptability,88,110,60,55,60,45,418
736,Grubbin,Bug,,0.4,4.4,Swarm,,,47,62,45,55,45,46,300
737,Charjabug,Bug,Electric,0.5,10.5,Battery,,,57,82,95,55,75,36,400
738,Vikavolt,Bug,Electric,1.5,45,Levitate,,,77,70,90,145,75,43,500
739,Crabrawler,Fighting,,0.6,7,Hyper Cutter,Iron Fist,Anger Point,47,82,57,42,47,63,338
740,Crabominable,Fighting,Ice,1.7,180,Hyper Cutter,Iron Fist,Anger Point,97,132,77,62,67,43,478
741,Oricorio-Baile,Fire,Flying,0.6,3.4,Dancer,,,75,70,70,98,70,93,476
741,Oricorio-Pom-Pom,Electric,Flying,0.6,3.4,Dancer,,,75,70,70,98,70,93,476
741,Oricorio-Pa'u,Psychic,Flying,0.6,3.4,Dancer,,,75,70,70,98,70,93,476
741,Oricorio-Sensu,Ghost,Flying,0.6,3.4,Dancer,,,75,70,70,98,70,93,476
742,Cutiefly,Bug,Fairy,0.1,0.2,Honey Gather,Shield Dust,Sweet Veil,40,45,40,55,40,84,304
743,Ribombee,Bug,Fairy,0.2,0.5,Honey Gather,Shield Dust,Sweet Veil,60,55,60,95,70,124,464
744,Rockruff,Rock,,0.5,9.2,Keen Eye,Vital Spirit,Steadfast,45,65,40,30,40,60,280
744,Rockruff-Event,Rock,,0.5,9.2,Own Tempo,,,45,65,40,30,40,60,280
745,Lycanroc-Midday F,Rock,,0.8,25,Keen Eye,Sand Rush,Steadfast,75,115,65,55,65,112,487
745,Lycanroc-Midnight F,Rock,,1.1,25,Keen Eye,Vital Spirit,No Guard,85,115,75,55,75,82,487
745,Lycanroc-Dusk,Rock,,0.8,25,Tough Claws,,,75,117,65,55,65,110,487
746,Wishiwashi,Water,,0.2,0.3,Schooling,,,45,20,20,25,25,40,175
746,Wishiwashi-School,Water,,8.2,78.6,Schooling,,,45,140,130,140,135,30,620
747,Mareanie,Poison,Water,0.4,8,Merciless,Limber,Regenerator,50,53,62,43,52,45,305
748,Toxapex,Poison,Water,0.7,14.5,Merciless,Limber,Regenerator,50,63,152,53,142,35,495
749,Mudbray,Ground,,1,110,Own Tempo,Stamina,Inner Focus,70,100,70,45,55,45,385
750,Mudsdale,Ground,,2.5,920,Own Tempo,Stamina,Inner Focus,100,125,100,55,85,35,500
751,Dewpider,Water,Bug,0.3,4,Water Bubble,,Water Absorb,38,40,52,40,72,27,269
752,Araquanid,Water,Bug,1.8,82,Water Bubble,,Water Absorb,68,70,92,50,132,42,454
753,Fomantis,Grass,,0.3,1.5,Leaf Guard,,Contrary,40,55,35,50,35,35,250
754,Lurantis,Grass,,0.9,18.5,Leaf Guard,,Contrary,70,105,90,80,90,45,480
755,Morelull,Grass,Fairy,0.2,1.5,Illuminate,Effect Spore,Rain Dish,40,35,55,65,75,15,285
756,Shiinotic,Grass,Fairy,1,11.5,Illuminate,Effect Spore,Rain Dish,60,45,80,90,100,30,405
757,Salandit,Poison,Fire,0.6,4.8,Corrosion,,Oblivious,48,44,40,71,40,77,320
758,Salazzle,Poison,Fire,1.2,22.2,Corrosion,,Oblivious,68,64,60,111,60,117,480
759,Stufful,Normal,Fighting,0.5,6.8,Fluffy,Klutz,Cute Charm,70,75,50,45,50,50,340
760,Bewear,Normal,Fighting,2.1,135,Fluffy,Klutz,Unnerve,120,125,80,55,60,60,500
761,Bounsweet,Grass,,0.3,3.2,Leaf Guard,Oblivious,Sweet Veil,42,30,38,30,38,32,210
762,Steenee,Grass,,0.7,8.2,Leaf Guard,Oblivious,Sweet Veil,52,40,48,40,48,62,290
763,Tsareena,Grass,,1.2,21.4,Leaf Guard,Queenly Majesty,Sweet Veil,72,120,98,50,98,72,510
764,Comfey,Fairy,,0.1,0.3,Flower Veil,Triage,Natural Cure,51,52,90,82,110,100,485
765,Oranguru,Normal,Psychic,1.5,76,Inner Focus,Telepathy,Symbiosis,90,60,80,90,110,60,490
766,Passimian,Fighting,,2,82.8,Receiver,,Defiant,100,120,90,40,60,80,490
767,Wimpod,Bug,Water,0.5,12,Wimp Out,,,25,35,40,20,30,80,230
768,Golisopod,Bug,Water,2,108,Emergency Exit,,,75,125,140,60,90,40,530
769,Sandygast,Ghost,Ground,0.5,70,Water Compaction,,Sand Veil,55,55,80,70,45,15,320
770,Palossand,Ghost,Ground,1.3,250,Water Compaction,,Sand Veil,85,75,110,100,75,35,480
771,Pyukumuku,Water,,0.3,1.2,Innards Out,,Unaware,55,60,130,30,130,5,410
772,Type: Null,Normal,,1.9,120.5,Battle Armor,,,95,95,95,95,95,59,534
773,Silvally,Normal,,2.3,100.5,RKS System,,,95,95,95,95,95,95,570
774,Minior,Rock,Flying,0.3,40,Shields Down,,,60,60,100,60,100,60,440
774,Minior-Core,Rock,Flying,0.3,0.3,Shields Down,,,60,100,60,100,60,120,500
775,Komala,Normal,,0.4,19.9,Comatose,,,65,115,65,75,95,65,480
776,Turtonator,Fire,Dragon,2,212,Shell Armor,,,60,78,135,91,85,36,485
777,Togedemaru,Electric,Steel,0.3,3.3,Iron Barbs,Lightning Rod,Sturdy,65,98,63,40,73,96,435
778,Mimikyu,Ghost,Fairy,0.2,0.7,Disguise,,,55,90,80,50,105,96,476
779,Bruxish,Water,Psychic,0.9,19,Dazzling,Strong Jaw,Wonder Skin,68,105,70,70,70,92,475
780,Drampa,Normal,Dragon,3,185,Berserk,Sap Sipper,Cloud Nine,78,60,85,135,91,36,485
781,Dhelmise,Ghost,Grass,3.9,210,Steelworker,,,70,131,100,86,90,40,517
782,Jangmo-o,Dragon,,0.6,29.7,Bulletproof,Soundproof,Overcoat,45,55,65,45,45,45,300
783,Hakamo-o,Dragon,Fighting,1.2,47,Bulletproof,Soundproof,Overcoat,55,75,90,65,70,65,420
784,Kommo-o,Dragon,Fighting,1.6,78.2,Bulletproof,Soundproof,Overcoat,75,110,125,100,105,85,600
785,Tapu Koko,Electric,Fairy,1.8,20.5,Electric Surge,,Telepathy,70,115,85,95,75,130,570
786,Tapu Lele,Psychic,Fairy,1.2,18.6,Psychic Surge,,Telepathy,70,85,75,130,115,95,570
787,Tapu Bulu,Grass,Fairy,1.9,45.5,Grassy Surge,,Telepathy,70,130,115,85,95,75,570
788,Tapu Fini,Water,Fairy,1.3,21.2,Misty Surge,,Telepathy,70,75,115,95,130,85,570
789,Cosmog,Psychic,,0.2,0.1,Unaware,,,43,29,31,29,31,37,200
790,Cosmoem,Psychic,,0.1,999.9,Sturdy,,,43,29,131,29,131,37,400
791,Solgaleo,Psychic,Steel,3.4,230,Full Metal Body,,,137,137,107,113,89,97,680
792,Lunala,Psychic,Ghost,4,120,Shadow Shield,,,137,113,89,137,107,97,680
793,Nihilego,Rock,Poison,1.2,55.5,Beast Boost,,,109,53,47,127,131,103,570
794,Buzzwole,Bug,Fighting,2.4,333.6,Beast Boost,,,107,139,139,53,53,79,570
795,Pheromosa,Bug,Fighting,1.8,25,Beast Boost,,,71,137,37,137,37,151,570
796,Xurkitree,Electric,,3.8,100,Beast Boost,,,83,89,71,173,71,83,570
797,Celesteela,Steel,Flying,9.2,999.9,Beast Boost,,,97,101,103,107,101,61,570
798,Kartana,Grass,Steel,0.3,0.1,Beast Boost,,,59,181,131,59,31,109,570
799,Guzzlord,Dark,Dragon,5.5,888,Beast Boost,,,223,101,53,97,53,43,570
800,Necrozma,Psychic,,2.4,230,Prism Armor,,,97,107,101,127,89,79,600
800,Necrozma-Dusk Mane,Psychic,Steel,3.8,460,Prism Armor,,,97,157,127,113,109,77,680
800,Necrozma-Dawn Wings,Psychic,Ghost,4.2,350,Prism Armor,,,97,113,109,157,127,77,680
800,Necrozma-Ultra,Psychic,Dragon,7.5,230,Neuroforce,,,97,167,97,167,97,129,754
801,Magearna,Steel,Fairy,1,80.5,Soul-Heart,,,80,95,115,130,115,65,600
802,Marshadow,Fighting,Ghost,0.7,22.2,Technician,,,90,125,80,90,90,125,600
803,Poipole,Poison,,0.6,1.8,Beast Boost,,,67,73,67,73,67,73,420
804,Naganadel,Poison,Dragon,3.6,150,Beast Boost,,,73,73,73,127,73,121,540
805,Stakataka,Rock,Steel,5.5,820,Beast Boost,,,61,131,211,53,101,13,570
806,Blacephalon,Fire,Ghost,1.8,13,Beast Boost,,,53,127,53,151,79,107,570
807,Zeraora,Electric,,1.5,44.5,Volt Absorb,,,88,112,75,102,80,143,600
808,Meltan,Steel,,0.2,8,Magnet Pull,,,46,65,65,55,35,34,300
809,Melmetal,Steel,,2.5,800,Iron Fist,,,135,143,143,80,65,34,600
810,Grookey,Grass,,0.3,5,Overgrow,,Grassy Surge,50,65,50,40,40,65,310
811,Thwackey,Grass,,0.7,14,Overgrow,,Grassy Surge,70,85,70,55,60,80,420
812,Rillaboom,Grass,,2.1,90,Overgrow,,Grassy Surge,100,125,90,60,70,85,530
813,Scorbunny,Fire,,0.3,4.5,Blaze,,Libero,50,71,40,40,40,69,310
814,Raboot,Fire,,0.6,9,Blaze,,Libero,65,86,60,55,60,94,420
815,Cinderace,Fire,,1.4,33,Blaze,,Libero,80,116,75,65,75,119,530
816,Sobble,Water,,0.3,4,Torrent,,Sniper,50,40,40,70,40,70,310
817,Drizzile,Water,,0.7,11.5,Torrent,,Sniper,65,60,55,95,55,90,420
818,Inteleon,Water,,1.9,45.2,Torrent,,Sniper,70,85,65,125,65,120,530
819,Skwovet,Normal,,0.3,2.5,Cheek Pouch,,Gluttony,70,55,55,35,35,25,275
820,Greedent,Normal,,0.6,6,Cheek Pouch,,Gluttony,120,95,95,55,75,20,460
821,Rookidee,Flying,,0.2,1.8,Keen Eye,Unnerve,Big Pecks,38,47,35,33,35,57,245
822,Corvisquire,Flying,,0.8,16,Keen Eye,Unnerve,Big Pecks,68,67,55,43,55,77,365
823,Corviknight,Flying,Steel,2.2,75,Pressure,Unnerve,Mirror Armor,98,87,105,53,85,67,495
824,Blipbug,Bug,,0.4,8,Swarm,Compound Eyes,Telepathy,25,20,20,25,45,45,180
825,Dottler,Bug,Psychic,0.4,19.5,Swarm,Compound Eyes,Telepathy,50,35,80,50,90,30,335
826,Orbeetle,Bug,Psychic,0.4,40.8,Swarm,Frisk,Telepathy,60,45,110,80,120,90,505
827,Nickit,Dark,,0.6,8.9,Run Away,Unburden,Stakeout,40,28,28,47,52,50,245
828,Thievul,Dark,,1.2,19.9,Run Away,Unburden,Stakeout,70,58,58,87,92,90,455
829,Gossifleur,Grass,,0.4,2.2,Cotton Down,Regenerator,Effect Spore,40,40,60,40,60,10,250
830,Eldegoss,Grass,,0.5,2.5,Cotton Down,Regenerator,Effect Spore,60,50,90,80,120,60,460
831,Wooloo,Normal,,0.6,6,Fluffy,Run Away,Bulletproof,42,40,55,40,45,48,270
832,Dubwool,Normal,,1.3,43,Fluffy,Steadfast,Bulletproof,72,80,100,60,90,88,490
833,Chewtle,Water,,0.3,8.5,Strong Jaw,Shell Armor,Swift Swim,50,64,50,38,38,44,284
834,Drednaw,Water,Rock,1,115.5,Strong Jaw,Shell Armor,Swift Swim,90,115,90,48,68,74,485
835,Yamper,Electric,,0.3,13.5,Ball Fetch,,Rattled,59,45,50,40,50,26,270
836,Boltund,Electric,,1,34,Strong Jaw,,Competitive,69,90,60,90,60,121,490
837,Rolycoly,Rock,,0.3,12,Steam Engine,Heatproof,Flash Fire,30,40,50,40,50,30,240
838,Carkol,Rock,Fire,1.1,78,Steam Engine,Flame Body,Flash Fire,80,60,90,60,70,50,410
839,Coalossal,Rock,Fire,2.8,310.5,Steam Engine,Flame Body,Flash Fire,110,80,120,80,90,30,510
840,Applin,Grass,Dragon,0.2,0.5,Ripen,Gluttony,Bulletproof,40,40,80,40,40,20,260
841,Flapple,Grass,Dragon,0.3,1,Ripen,Gluttony,Hustle,70,110,80,95,60,70,485
842,Appletun,Grass,Dragon,0.4,13,Ripen,Gluttony,Thick Fat,110,85,80,100,80,30,485
843,Silicobra,Ground,,2.2,7.6,Sand Spit,Shed Skin,Sand Veil,52,57,75,35,50,46,315
844,Sandaconda,Ground,,3.8,65.5,Sand Spit,Shed Skin,Sand Veil,72,107,125,65,70,71,510
845,Cramorant,Flying,Water,0.8,18,Gulp Missile,,,70,85,55,85,95,85,475
846,Arrokuda,Water,,0.5,1,Swift Swim,,Propeller Tail,41,63,40,40,30,66,280
847,Barraskewda,Water,,1.3,30,Swift Swim,,Propeller Tail,61,123,60,60,50,136,490
848,Toxel,Electric,Poison,0.4,11,Rattled,Static,Klutz,40,38,35,54,35,40,242
849,Toxtricity-Amped,Electric,Poison,1.6,40,Punk Rock,Plus,Technician,75,98,70,114,70,75,502
849,Toxtricity-Low Key,Electric,Poison,1.6,40,Punk Rock,Minus,Technician,75,98,70,114,70,75,502
850,Sizzlipede,Fire,Bug,0.7,1,Flash Fire,White Smoke,Flame Body,50,65,45,50,50,45,305
851,Centiskorch,Fire,Bug,3,120,Flash Fire,White Smoke,Flame Body,100,115,65,90,90,65,525
852,Clobbopus,Fighting,,0.6,4,Limber,,Technician,50,68,60,50,50,32,310
853,Grapploct,Fighting,,1.6,39,Limber,,Technician,80,118,90,70,80,42,480
854,Sinistea,Ghost,,0.1,0.2,Weak Armor,,Cursed Body,40,45,45,74,54,50,308
855,Polteageist,Ghost,,0.2,0.4,Weak Armor,,Cursed Body,60,65,65,134,114,70,508
856,Hatenna,Psychic,,0.4,3.4,Healer,Anticipation,Magic Bounce,42,30,45,56,53,39,265
857,Hattrem,Psychic,,0.6,4.8,Healer,Anticipation,Magic Bounce,57,40,65,86,73,49,370
858,Hatterene,Psychic,Fairy,2.1,5,Healer,Anticipation,Magic Bounce,57,90,95,136,103,29,510
859,Impidimp,Dark,Fairy,0.4,5.5,Prankster,Frisk,Pickpocket,45,45,30,55,40,50,265
860,Morgrem,Dark,Fairy,0.8,12.5,Prankster,Frisk,Pickpocket,65,60,45,75,55,70,370
861,Grimmsnarl,Dark,Fairy,1.5,61,Prankster,Frisk,Pickpocket,95,120,65,95,75,60,510
862,Obstagoon,Dark,Normal,1.6,46,Reckless,Guts,Defiant,93,90,101,60,81,95,520
863,Perrserker,Steel,,0.8,28,Battle Armor,Tough Claws,Steely Spirit,70,110,100,50,60,50,440
864,Cursola,Ghost,,1,0.4,Weak Armor,,Perish Body,60,95,50,145,130,30,510
865,Sirfetch'd,Fighting,,0.8,117,Steadfast,,Scrappy,62,135,95,68,82,65,507
866,Mr. Rime,Ice,Psychic,1.5,58.2,Tangled Feet,Screen Cleaner,Ice Body,80,85,75,110,100,70,520
867,Runerigus,Ground,Ghost,1.6,66.6,Wandering Spirit,,,58,95,145,50,105,30,483
868,Milcery,Fairy,,0.2,0.3,Sweet Veil,,Aroma Veil,45,40,40,50,61,34,270
869,Alcremie,Fairy,,0.3,0.5,Sweet Veil,,Aroma Veil,65,60,75,110,121,64,495
870,Falinks,Fighting,,3,62,Battle Armor,,Defiant,65,100,100,70,60,75,470
871,Pincurchin,Electric,,0.3,1,Lightning Rod,,Electric Surge,48,101,95,91,85,15,435
872,Snom,Ice,Bug,0.3,3.8,Shield Dust,,Ice Scales,30,25,35,45,30,20,185
873,Frosmoth,Ice,Bug,1.3,42,Shield Dust,,Ice Scales,70,65,60,125,90,65,475
874,Stonjourner,Rock,,2.5,520,Power Spot,,,100,125,135,20,20,70,470
875,Eiscue,Ice,,1.4,89,Ice Face,,,75,80,110,65,90,50,470
875,Eiscue-Noice,Ice,,1.4,89,Ice Face,,,75,80,70,65,50,130,470
876,Indeedee-M,Psychic,Normal,0.9,28,Inner Focus,Synchronize,Psychic Surge,60,65,55,105,95,95,475
876,Indeedee-F,Psychic,Normal,0.9,28,Own Tempo,Synchronize,Psychic Surge,70,55,65,95,105,85,475
877,Morpeko,Electric,Dark,0.3,3,Hunger Switch,,,58,95,58,70,58,97,436
877,Morpeko-Hangry,Electric,Dark,0.3,3,Hunger Switch,,,58,95,58,70,58,97,436
878,Cufant,Steel,,1.2,100,Sheer Force,,Heavy Metal,72,80,49,40,49,40,330
879,Copperajah,Steel,,3,650,Sheer Force,,Heavy Metal,122,130,69,80,69,30,500
880,Dracozolt,Electric,Dragon,1.8,190,Volt Absorb,Hustle,Sand Rush,90,100,90,80,70,75,505
881,Arctozolt,Electric,Ice,2.3,150,Volt Absorb,Static,Slush Rush,90,100,90,90,80,55,505
882,Dracovish,Water,Dragon,2.3,215,Water Absorb,Strong Jaw,Sand Rush,90,90,100,70,80,75,505
883,Arctovish,Water,Ice,2,175,Water Absorb,Ice Body,Slush Rush,90,90,100,80,90,55,505
884,Duraludon,Steel,Dragon,1.8,40,Light Metal,Heavy Metal,Stalwart,70,95,115,120,50,85,535
885,Dreepy,Dragon,Ghost,0.5,2,Clear Body,Infiltrator,Cursed Body,28,60,30,40,30,82,270
886,Drakloak,Dragon,Ghost,1.4,11,Clear Body,Infiltrator,Cursed Body,68,80,50,60,50,102,410
887,Dragapult,Dragon,Ghost,3,50,Clear Body,Infiltrator,Cursed Body,88,120,75,100,75,142,600
888,Zacian,Fairy,Steel,2.8,355,Intrepid Sword,,,92,170,115,80,115,148,720
888,Zacian-Crowned,Fairy,,2.8,110,Intrepid Sword,,,92,130,115,80,115,138,670
889,Zamazenta,Fighting,Steel,2.9,785,Dauntless Shield,,,92,130,145,80,145,128,720
889,Zamazenta-Crowned,Fighting,,2.9,210,Dauntless Shield,,,92,130,115,80,115,138,670
890,Eternatus,Poison,Dragon,20,950,Pressure,,,140,85,95,145,95,130,690
890,Eternatus-Eternamax,Poison,Dragon,100,,Pressure,,,255,115,250,125,250,130,1125
891,Kubfu,Fighting,,0.6,12,Inner Focus,,,60,90,60,53,50,72,385
892,Urshifu-Single Strike,Fighting,Dark,1.9,105,Unseen Fist,,,100,130,100,63,60,97,550
892,Urshifu-Rapid Strike,Fighting,Water,1.9,105,Unseen Fist,,,100,130,100,63,60,97,550
893,Zarude,Dark,Grass,1.8,70,Leaf Guard,,,105,120,105,70,95,105,600
894,Regieleki,Electric,,1.2,145,Transistor,,,80,100,50,100,50,200,580
895,Regidrago,Dragon,,2.1,200,Dragon's Maw,,,200,100,50,100,50,80,580
896,Glastrier,Ice,,2.2,800,Chilling Neigh,,,100,145,130,65,110,30,580
897,Spectrier,Ghost,,2,44.5,Grim Neigh,,,100,65,60,145,80,130,580
898,Calyrex,Psychic,Grass,1.1,7.7,Unnerve,,,100,80,80,80,80,80,500
898,Calyrex-Ice Rider,Psychic,Ice,2.4,809.1,As One,,,100,165,150,85,130,50,680
898,Calyrex-Shadow Rider,Psychic,Ghost,2.4,53.6,As One,,,100,85,80,165,100,150,680
899,Wyrdeer,Normal,Psychic,1.8,95.1,Intimidate,Frisk,Sap Sipper,103,105,72,105,75,65,525
900,Kleavor,Bug,Rock,1.8,89,Swarm,Sheer Force,Steadfast,70,135,95,45,70,85,500
901,Ursaluna,Ground,Normal,2.4,290,Guts,Bulletproof,Unnerve,130,140,105,45,80,50,550
902,Basculegion-M,Water,Ghost,3,110,Rattled,Adaptability,Mold Breaker,120,112,65,80,75,78,530
902,Basculegion-F,Water,Ghost,3,110,Rattled,Adaptability,Mold Breaker,120,92,65,100,75,78,530
903,Sneasler,Fighting,Poison,1.3,43,Pressure,,Poison Touch,80,130,60,40,80,120,510
904,Overqwil,Dark,Poison,2.5,60.5,Poison Point,Swift Swim,Intimidate,85,115,95,65,65,85,510
905,Enamorus,Fairy,Flying,1.6,48,Healer,,Contrary,74,115,70,135,80,106,580
905,Enamorus-Therian,Fairy,Flying,1.6,48,Overcoat,,,74,115,110,135,100,46,580
